name,ra,dec,channel,x_pos,y_pos,scale,expected_flux,flux,sigma,unit
cx0100-7211,15.179749,-72.192726,1,652.1275155424005,671.0707310533014,8.27498967419406,78.85030785797666,86.0813724813232,9.149278363300505,uJy
cx0100-7211,15.179749,-72.192726,1,652.1275155424005,673.8987310533014,8.27498967419406,78.85030785797666,94.65422358458397,9.925723182693968,uJy
cx0100-7211,15.179749,-72.192726,1,652.1275155424005,676.7267310533014,8.27498967419406,78.85030785797666,56.97286658827973,9.071411061728123,uJy
cx0100-7211,15.179749,-72.192726,1,654.9555155424005,671.0707310533014,8.27498967419406,78.85030785797666,98.05262201032194,13.277585947447289,uJy
cx0100-7211,15.179749,-72.192726,1,654.9555155424005,673.8987310533014,8.27498967419406,78.85030785797666,142.8150267161071,20.837130338005174,uJy
cx0100-7211,15.179749,-72.192726,1,654.9555155424005,676.7267310533014,8.27498967419406,78.85030785797666,82.94172091463464,25.949610342339213,uJy
cx0100-7211,15.179749,-72.192726,1,657.7835155424004,671.0707310533014,8.27498967419406,78.85030785797666,76.3268434447737,34.15041240244143,uJy
cx0100-7211,15.179749,-72.192726,1,657.7835155424004,673.8987310533014,8.27498967419406,78.85030785797666,170.56963242975414,51.59089769494613,uJy
cx0100-7211,15.179749,-72.192726,1,657.7835155424004,676.7267310533014,8.27498967419406,78.85030785797666,185.51286229157705,60.877887544477105,uJy
cx0100-7211,15.179749,-72.192726,1,652.1275155424005,671.0707310533014,15.243402031410113,145.25056710679914,137.78663130049011,9.232844760627081,uJy
cx0100-7211,15.179749,-72.192726,1,652.1275155424005,673.8987310533014,15.243402031410113,145.25056710679914,147.681444485813,9.994288279533666,uJy
cx0100-7211,15.179749,-72.192726,1,652.1275155424005,676.7267310533014,15.243402031410113,145.25056710679914,108.66119556283114,9.130856206584205,uJy
cx0100-7211,15.179749,-72.192726,1,654.9555155424005,671.0707310533014,15.243402031410113,145.25056710679914,148.49793586326822,13.37977753575932,uJy
cx0100-7211,15.179749,-72.192726,1,654.9555155424005,673.8987310533014,15.243402031410113,145.25056710679914,193.59919151375013,20.913409156053376,uJy
cx0100-7211,15.179749,-72.192726,1,654.9555155424005,676.7267310533014,15.243402031410113,145.25056710679914,133.96804715981358,25.978770171124903,uJy
cx0100-7211,15.179749,-72.192726,1,657.7835155424004,671.0707310533014,15.243402031410113,145.25056710679914,127.0573165908488,34.24835636107119,uJy
cx0100-7211,15.179749,-72.192726,1,657.7835155424004,673.8987310533014,15.243402031410113,145.25056710679914,222.09093235317968,51.657638006797576,uJy
cx0100-7211,15.179749,-72.192726,1,657.7835155424004,676.7267310533014,15.243402031410113,145.25056710679914,237.7614856109256,60.94171782257319,uJy
cx0100-7211,15.179749,-72.192726,2,695.4645399562684,657.231402739244,5.950837999515663,56.4520295986054,44.10479483462573,3.8361965717080397,uJy
cx0100-7211,15.179749,-72.192726,2,695.4645399562684,660.059402739244,5.950837999515663,56.4520295986054,52.763570283500485,4.409053546689702,uJy
cx0100-7211,15.179749,-72.192726,2,695.4645399562684,662.887402739244,5.950837999515663,56.4520295986054,52.586302990997595,7.8606142714645735,uJy
cx0100-7211,15.179749,-72.192726,2,698.2925399562683,657.231402739244,5.950837999515663,56.4520295986054,52.00107634990626,7.803975119687802,uJy
cx0100-7211,15.179749,-72.192726,2,698.2925399562683,660.059402739244,5.950837999515663,56.4520295986054,65.83936335920507,14.939430026086193,uJy
cx0100-7211,15.179749,-72.192726,2,698.2925399562683,662.887402739244,5.950837999515663,56.4520295986054,77.21930137285517,14.8649712891043,uJy
cx0100-7211,15.179749,-72.192726,2,701.1205399562683,657.231402739244,5.950837999515663,56.4520295986054,40.62576715270747,14.64143642144618,uJy
cx0100-7211,15.179749,-72.192726,2,701.1205399562683,660.059402739244,5.950837999515663,56.4520295986054,97.66179444430212,14.647377045826028,uJy
cx0100-7211,15.179749,-72.192726,2,701.1205399562683,662.887402739244,5.950837999515663,56.4520295986054,125.42969152182083,95.20321277711147,uJy
cx0100-7211,15.179749,-72.192726,2,695.4645399562684,657.231402739244,10.9620699991078,103.99058083953625,80.43432361256407,3.8979431159268456,uJy
cx0100-7211,15.179749,-72.192726,2,695.4645399562684,660.059402739244,10.9620699991078,103.99058083953625,89.00223101414574,4.437685751942694,uJy
cx0100-7211,15.179749,-72.192726,2,695.4645399562684,662.887402739244,10.9620699991078,103.99058083953625,90.33050353775846,7.8939580772894224,uJy
cx0100-7211,15.179749,-72.192726,2,698.2925399562683,657.231402739244,10.9620699991078,103.99058083953625,89.30145489507095,7.832099843881579,uJy
cx0100-7211,15.179749,-72.192726,2,698.2925399562683,660.059402739244,10.9620699991078,103.99058083953625,101.98352667289117,15.010917708961674,uJy
cx0100-7211,15.179749,-72.192726,2,698.2925399562683,662.887402739244,10.9620699991078,103.99058083953625,113.68574026539848,14.908558736971557,uJy
cx0100-7211,15.179749,-72.192726,2,701.1205399562683,657.231402739244,10.9620699991078,103.99058083953625,78.22708107312063,14.69584668292021,uJy
cx0100-7211,15.179749,-72.192726,2,701.1205399562683,660.059402739244,10.9620699991078,103.99058083953625,134.04417880853268,14.686644514362689,uJy
cx0100-7211,15.179749,-72.192726,2,701.1205399562683,662.887402739244,10.9620699991078,103.99058083953625,162.86720110264423,95.24569896040941,uJy
cx0100-7211,15.179749,-72.192726,3,552.4687908273463,663.0794565194451,3.3581447448601263,32.28335659747558,1.9660884940948804,6.056847190029104,uJy
cx0100-7211,15.179749,-72.192726,3,552.4687908273463,665.9074565194451,3.3581447448601263,32.28335659747558,21.53717677155286,7.115043051024627,uJy
cx0100-7211,15.179749,-72.192726,3,552.4687908273463,668.735456519445,3.3581447448601263,32.28335659747558,38.89623823388759,7.156236087230689,uJy
cx0100-7211,15.179749,-72.192726,3,555.2967908273463,663.0794565194451,3.3581447448601263,32.28335659747558,9.46825228774287,7.082062938693688,uJy
cx0100-7211,15.179749,-72.192726,3,555.2967908273463,665.9074565194451,3.3581447448601263,32.28335659747558,15.971962169156319,8.453570309173863,uJy
cx0100-7211,15.179749,-72.192726,3,555.2967908273463,668.735456519445,3.3581447448601263,32.28335659747558,17.03164189112005,16.510905113319065,uJy
cx0100-7211,15.179749,-72.192726,3,558.1247908273463,663.0794565194451,3.3581447448601263,32.28335659747558,5.566354356638296,8.060120808575258,uJy
cx0100-7211,15.179749,-72.192726,3,558.1247908273463,665.9074565194451,3.3581447448601263,32.28335659747558,28.50220480784788,26.921080883362375,uJy
cx0100-7211,15.179749,-72.192726,3,558.1247908273463,668.735456519445,3.3581447448601263,32.28335659747558,63.68986151703303,137.8748026779578,uJy
cx0100-7211,15.179749,-72.192726,3,552.4687908273463,663.0794565194451,6.186056108952864,59.469341100612915,17.74565845329375,6.052548985973767,uJy
cx0100-7211,15.179749,-72.192726,3,552.4687908273463,665.9074565194451,6.186056108952864,59.469341100612915,37.7441854152618,7.178443583525743,uJy
cx0100-7211,15.179749,-72.192726,3,552.4687908273463,668.735456519445,6.186056108952864,59.469341100612915,55.687432627630514,7.181294247034397,uJy
cx0100-7211,15.179749,-72.192726,3,555.2967908273463,663.0794565194451,6.186056108952864,59.469341100612915,24.331553809602187,7.11232666427506,uJy
cx0100-7211,15.179749,-72.192726,3,555.2967908273463,665.9074565194451,6.186056108952864,59.469341100612915,31.846649352055373,8.422681072257742,uJy
cx0100-7211,15.179749,-72.192726,3,555.2967908273463,668.735456519445,6.186056108952864,59.469341100612915,32.030328043647394,16.502843930688446,uJy
cx0100-7211,15.179749,-72.192726,3,558.1247908273463,663.0794565194451,6.186056108952864,59.469341100612915,23.022762771236803,8.041183425114868,uJy
cx0100-7211,15.179749,-72.192726,3,558.1247908273463,665.9074565194451,6.186056108952864,59.469341100612915,44.899775945048084,26.918003063144084,uJy
cx0100-7211,15.179749,-72.192726,3,558.1247908273463,668.735456519445,6.186056108952864,59.469341100612915,79.8451903400532,137.87528913853828,uJy
cx0100-7211,15.179749,-72.192726,4,513.7634118512167,577.4699062621132,1.8426682231461262,19.056635216908234,12.288586611835115,3.4093444679151736,uJy
cx0100-7211,15.179749,-72.192726,4,513.7634118512167,580.2979062621132,1.8426682231461262,19.056635216908234,25.071683654784966,2.316017325814101,uJy
cx0100-7211,15.179749,-72.192726,4,513.7634118512167,583.1259062621132,1.8426682231461262,19.056635216908234,2.703315869702495,7.161057996987481,uJy
cx0100-7211,15.179749,-72.192726,4,516.5914118512167,577.4699062621132,1.8426682231461262,19.056635216908234,12.059471647535096,3.4685532988086516,uJy
cx0100-7211,15.179749,-72.192726,4,516.5914118512167,580.2979062621132,1.8426682231461262,19.056635216908234,13.558916775243066,5.026573592807374,uJy
cx0100-7211,15.179749,-72.192726,4,516.5914118512167,583.1259062621132,1.8426682231461262,19.056635216908234,3.357679245422313,42.72478854920351,uJy
cx0100-7211,15.179749,-72.192726,4,519.4194118512166,577.4699062621132,1.8426682231461262,19.056635216908234,16.029801165768138,3.4833672747861226,uJy
cx0100-7211,15.179749,-72.192726,4,519.4194118512166,580.2979062621132,1.8426682231461262,19.056635216908234,19.264637971023248,18.657500483492903,uJy
cx0100-7211,15.179749,-72.192726,4,519.4194118512166,583.1259062621132,1.8426682231461262,19.056635216908234,105.12293637033092,73.66607058375146,uJy
cx0100-7211,15.179749,-72.192726,4,513.7634118512167,577.4699062621132,3.394388832111285,35.10432803114674,19.31322818812503,3.4258624351215885,uJy
cx0100-7211,15.179749,-72.192726,4,513.7634118512167,580.2979062621132,3.394388832111285,35.10432803114674,32.36271098463044,2.3102183352409775,uJy
cx0100-7211,15.179749,-72.192726,4,513.7634118512167,583.1259062621132,3.394388832111285,35.10432803114674,9.703817107895008,7.179981755214927,uJy
cx0100-7211,15.179749,-72.192726,4,516.5914118512167,577.4699062621132,3.394388832111285,35.10432803114674,19.504532318404607,3.4799094175885807,uJy
cx0100-7211,15.179749,-72.192726,4,516.5914118512167,580.2979062621132,3.394388832111285,35.10432803114674,21.28434270435131,5.038180955595765,uJy
cx0100-7211,15.179749,-72.192726,4,516.5914118512167,583.1259062621132,3.394388832111285,35.10432803114674,11.271665895222963,42.74109779281041,uJy
cx0100-7211,15.179749,-72.192726,4,519.4194118512166,577.4699062621132,3.394388832111285,35.10432803114674,23.184112125325022,3.4948048302555437,uJy
cx0100-7211,15.179749,-72.192726,4,519.4194118512166,580.2979062621132,3.394388832111285,35.10432803114674,26.5581667690528,18.640373290759744,uJy
cx0100-7211,15.179749,-72.192726,4,519.4194118512166,583.1259062621132,3.394388832111285,35.10432803114674,112.60872961901251,73.67106047299706,uJy
4u0142+61,26.593363,61.750885,1,367.21479032533466,352.36454440342413,0.6837415016025302,6.5152018333951105,2.822401007058543,2.195684514638147,uJy
4u0142+61,26.593363,61.750885,1,367.21479032533466,355.1925444034241,0.6837415016025302,6.5152018333951105,13.094617794436127,1.4229750264478642,uJy
4u0142+61,26.593363,61.750885,1,367.21479032533466,358.0205444034241,0.6837415016025302,6.5152018333951105,11.659721383258203,1.1209658589569824,uJy
4u0142+61,26.593363,61.750885,1,370.04279032533464,352.36454440342413,0.6837415016025302,6.5152018333951105,5.291953784562902,2.639032028223908,uJy
4u0142+61,26.593363,61.750885,1,370.04279032533464,355.1925444034241,0.6837415016025302,6.5152018333951105,15.204206830307813,1.7126884698333504,uJy
4u0142+61,26.593363,61.750885,1,370.04279032533464,358.0205444034241,0.6837415016025302,6.5152018333951105,16.757404161450996,0.9859558730942891,uJy
4u0142+61,26.593363,61.750885,1,372.8707903253346,352.36454440342413,0.6837415016025302,6.5152018333951105,10.582642673950687,2.632732198546032,uJy
4u0142+61,26.593363,61.750885,1,372.8707903253346,355.1925444034241,0.6837415016025302,6.5152018333951105,4.301104175864894,3.3560759945964715,uJy
4u0142+61,26.593363,61.750885,1,372.8707903253346,358.0205444034241,0.6837415016025302,6.5152018333951105,5.1964406826670535,1.8020836698876468,uJy
4u0142+61,26.593363,61.750885,1,367.21479032533466,352.36454440342413,1.259523818741503,12.001687587833096,7.09761393023422,2.199539451271781,uJy
4u0142+61,26.593363,61.750885,1,367.21479032533466,355.1925444034241,1.259523818741503,12.001687587833096,17.397037067617422,1.4275163100654822,uJy
4u0142+61,26.593363,61.750885,1,367.21479032533466,358.0205444034241,1.259523818741503,12.001687587833096,15.950645345452287,1.1265462754537219,uJy
4u0142+61,26.593363,61.750885,1,370.04279032533464,352.36454440342413,1.259523818741503,12.001687587833096,9.614327273820674,2.637034873370587,uJy
4u0142+61,26.593363,61.750885,1,370.04279032533464,355.1925444034241,1.259523818741503,12.001687587833096,19.440157845562574,1.7112773226353162,uJy
4u0142+61,26.593363,61.750885,1,370.04279032533464,358.0205444034241,1.259523818741503,12.001687587833096,20.97860560448033,0.9899707229015734,uJy
4u0142+61,26.593363,61.750885,1,372.8707903253346,352.36454440342413,1.259523818741503,12.001687587833096,14.802907241121794,2.6355523050713017,uJy
4u0142+61,26.593363,61.750885,1,372.8707903253346,355.1925444034241,1.259523818741503,12.001687587833096,8.461184473472823,3.358284293151434,uJy
4u0142+61,26.593363,61.750885,1,372.8707903253346,358.0205444034241,1.259523818741503,12.001687587833096,9.488589650294017,1.803401826289624,uJy
4u0142+61,26.593363,61.750885,2,573.4219321298399,432.11232887391964,0.25845693710043743,2.45182588810959,11.615916973754253,1.8314241460172804,uJy
4u0142+61,26.593363,61.750885,2,573.4219321298399,434.9403288739196,0.25845693710043743,2.45182588810959,12.390335519733096,1.2772706775660616,uJy
4u0142+61,26.593363,61.750885,2,573.4219321298399,437.7683288739196,0.25845693710043743,2.45182588810959,4.469205347392825,3.356152919683618,uJy
4u0142+61,26.593363,61.750885,2,576.2499321298399,432.11232887391964,0.25845693710043743,2.45182588810959,22.431091728576593,0.7108668881036119,uJy
4u0142+61,26.593363,61.750885,2,576.2499321298399,434.9403288739196,0.25845693710043743,2.45182588810959,25.213533004049715,0.6455918369708094,uJy
4u0142+61,26.593363,61.750885,2,576.2499321298399,437.7683288739196,0.25845693710043743,2.45182588810959,15.51319818479355,2.4573483322884426,uJy
4u0142+61,26.593363,61.750885,2,579.0779321298398,432.11232887391964,0.25845693710043743,2.45182588810959,16.533265556069537,1.9961793966966923,uJy
4u0142+61,26.593363,61.750885,2,579.0779321298398,434.9403288739196,0.25845693710043743,2.45182588810959,20.198468424964375,1.1819631037023715,uJy
4u0142+61,26.593363,61.750885,2,579.0779321298398,437.7683288739196,0.25845693710043743,2.45182588810959,8.315574664954173,3.375134853200368,uJy
4u0142+61,26.593363,61.750885,2,573.4219321298399,432.11232887391964,0.4761048841323848,4.516521372833456,13.248126186742823,1.836000025755417,uJy
4u0142+61,26.593363,61.750885,2,573.4219321298399,434.9403288739196,0.4761048841323848,4.516521372833456,13.892825805538989,1.277749187377022,uJy
4u0142+61,26.593363,61.750885,2,573.4219321298399,437.7683288739196,0.4761048841323848,4.516521372833456,6.083769584118668,3.3547907410942033,uJy
4u0142+61,26.593363,61.750885,2,576.2499321298399,432.11232887391964,0.4761048841323848,4.516521372833456,24.0386129112251,0.7118293891574566,uJy
4u0142+61,26.593363,61.750885,2,576.2499321298399,434.9403288739196,0.4761048841323848,4.516521372833456,26.85330656706983,0.6459769519343869,uJy
4u0142+61,26.593363,61.750885,2,576.2499321298399,437.7683288739196,0.4761048841323848,4.516521372833456,17.166592542779682,2.4590834876102705,uJy
4u0142+61,26.593363,61.750885,2,579.0779321298398,432.11232887391964,0.4761048841323848,4.516521372833456,18.16129240169968,1.9981917845660293,uJy
4u0142+61,26.593363,61.750885,2,579.0779321298398,434.9403288739196,0.4761048841323848,4.516521372833456,21.814666296123903,1.181709110372934,uJy
4u0142+61,26.593363,61.750885,2,579.0779321298398,437.7683288739196,0.4761048841323848,4.516521372833456,9.938279377235498,3.373851790908101,uJy
4u0142+61,26.593363,61.750885,4,363.63374982284574,361.00417320029896,0.7094978176535665,7.3375341954568905,25.275283867301713,3.0776793912545957,uJy
4u0142+61,26.593363,61.750885,4,363.63374982284574,363.83217320029894,0.7094978176535665,7.3375341954568905,32.27650293124759,1.7726011662714625,uJy
4u0142+61,26.593363,61.750885,4,363.63374982284574,366.6601732002989,0.7094978176535665,7.3375341954568905,13.782450010414866,4.4139652692981866,uJy
4u0142+61,26.593363,61.750885,4,366.4617498228457,361.00417320029896,0.7094978176535665,7.3375341954568905,37.00319577306404,1.482571371399037,uJy
4u0142+61,26.593363,61.750885,4,366.4617498228457,363.83217320029894,0.7094978176535665,7.3375341954568905,34.426008957051195,1.9303205869703106,uJy
4u0142+61,26.593363,61.750885,4,366.4617498228457,366.6601732002989,0.7094978176535665,7.3375341954568905,30.414509941964337,4.040110086649907,uJy
4u0142+61,26.593363,61.750885,4,369.2897498228457,361.00417320029896,0.7094978176535665,7.3375341954568905,22.444486663679562,4.210193099336464,uJy
4u0142+61,26.593363,61.750885,4,369.2897498228457,363.83217320029894,0.7094978176535665,7.3375341954568905,24.19051334998115,3.1982726585841226,uJy
4u0142+61,26.593363,61.750885,4,369.2897498228457,366.6601732002989,0.7094978176535665,7.3375341954568905,12.377410364981575,5.785920560648369,uJy
4u0142+61,26.593363,61.750885,4,363.63374982284574,361.00417320029896,1.306969664098675,13.516510360052166,27.96669846678718,3.1076138047056188,uJy
4u0142+61,26.593363,61.750885,4,363.63374982284574,363.83217320029894,1.306969664098675,13.516510360052166,35.264488567880235,1.7826527095431575,uJy
4u0142+61,26.593363,61.750885,4,363.63374982284574,366.6601732002989,1.306969664098675,13.516510360052166,16.54534579628918,4.410816928894481,uJy
4u0142+61,26.593363,61.750885,4,366.4617498228457,361.00417320029896,1.306969664098675,13.516510360052166,40.19483477248589,1.4792012625304995,uJy
4u0142+61,26.593363,61.750885,4,366.4617498228457,363.83217320029894,1.306969664098675,13.516510360052166,37.39015284233501,1.9306126434498583,uJy
4u0142+61,26.593363,61.750885,4,366.4617498228457,366.6601732002989,1.306969664098675,13.516510360052166,33.24109197917234,4.0459786813897365,uJy
4u0142+61,26.593363,61.750885,4,369.2897498228457,361.00417320029896,1.306969664098675,13.516510360052166,25.408651258143873,4.207617449143108,uJy
4u0142+61,26.593363,61.750885,4,369.2897498228457,363.83217320029894,1.306969664098675,13.516510360052166,27.055202757025718,3.188208486856044,uJy
4u0142+61,26.593363,61.750885,4,369.2897498228457,366.6601732002989,1.306969664098675,13.516510360052166,15.006125894881652,5.775982388122792,uJy
sg0526-66,81.503708,-66.076752,1,507.9627221774864,557.2159473799409,2.159956024717616,20.581680970527987,6.330076830963954,5.086834371292848,uJy
sg0526-66,81.503708,-66.076752,1,507.9627221774864,560.0439473799408,2.159956024717616,20.581680970527987,10.625853923015748,4.929867288309382,uJy
sg0526-66,81.503708,-66.076752,1,507.9627221774864,562.8719473799408,2.159956024717616,20.581680970527987,68.00636148752122,6.144454785335645,uJy
sg0526-66,81.503708,-66.076752,1,510.7907221774864,557.2159473799409,2.159956024717616,20.581680970527987,-21.622189541936677,4.860119025470995,uJy
sg0526-66,81.503708,-66.076752,1,510.7907221774864,560.0439473799408,2.159956024717616,20.581680970527987,-4.924809681057669,5.418806320986852,uJy
sg0526-66,81.503708,-66.076752,1,510.7907221774864,562.8719473799408,2.159956024717616,20.581680970527987,27.64103710647236,7.320286868097731,uJy
sg0526-66,81.503708,-66.076752,1,513.6187221774863,557.2159473799409,2.159956024717616,20.581680970527987,20.817088987741737,4.353573217694026,uJy
sg0526-66,81.503708,-66.076752,1,513.6187221774863,560.0439473799408,2.159956024717616,20.581680970527987,0.7870472234067347,6.289065080483396,uJy
sg0526-66,81.503708,-66.076752,1,513.6187221774863,562.8719473799408,2.159956024717616,20.581680970527987,9.629395913095214,7.795841049829839,uJy
sg0526-66,81.503708,-66.076752,1,507.9627221774864,557.2159473799409,3.978866361321925,37.913622840446294,19.926769994772624,5.074784779251977,uJy
sg0526-66,81.503708,-66.076752,1,507.9627221774864,560.0439473799408,3.978866361321925,37.913622840446294,24.228282350896844,4.915078634660351,uJy
sg0526-66,81.503708,-66.076752,1,507.9627221774864,562.8719473799408,3.978866361321925,37.913622840446294,81.6435116092104,6.151410864873281,uJy
sg0526-66,81.503708,-66.076752,1,510.7907221774864,557.2159473799409,3.978866361321925,37.913622840446294,-7.790818621565123,4.851802668203627,uJy
sg0526-66,81.503708,-66.076752,1,510.7907221774864,560.0439473799408,3.978866361321925,37.913622840446294,8.738314634288836,5.421662685247774,uJy
sg0526-66,81.503708,-66.076752,1,510.7907221774864,562.8719473799408,3.978866361321925,37.913622840446294,41.081922451559805,7.3061314612339485,uJy
sg0526-66,81.503708,-66.076752,1,513.6187221774863,557.2159473799409,3.978866361321925,37.913622840446294,34.44137683629524,4.347227314606438,uJy
sg0526-66,81.503708,-66.076752,1,513.6187221774863,560.0439473799408,3.978866361321925,37.913622840446294,14.227665528233848,6.289592718042153,uJy
sg0526-66,81.503708,-66.076752,1,513.6187221774863,562.8719473799408,3.978866361321925,37.913622840446294,23.107044036875305,7.787396494879634,uJy
sg0526-66,81.503708,-66.076752,2,635.2900378612535,581.52223703337,2.88745281443592,27.39153237886492,9.24253893801272,7.903016924880441,uJy
sg0526-66,81.503708,-66.076752,2,635.2900378612535,584.3502370333699,2.88745281443592,27.39153237886492,39.51201739911037,6.617243403849691,uJy
sg0526-66,81.503708,-66.076752,2,635.2900378612535,587.1782370333699,2.88745281443592,27.39153237886492,83.50222092744747,9.705586574469235,uJy
sg0526-66,81.503708,-66.076752,2,638.1180378612535,581.52223703337,2.88745281443592,27.39153237886492,-20.393974360116577,6.918899221393329,uJy
sg0526-66,81.503708,-66.076752,2,638.1180378612535,584.3502370333699,2.88745281443592,27.39153237886492,-14.795570968552262,7.183325450982149,uJy
sg0526-66,81.503708,-66.076752,2,638.1180378612535,587.1782370333699,2.88745281443592,27.39153237886492,29.63221516709619,10.685120051910138,uJy
sg0526-66,81.503708,-66.076752,2,640.9460378612534,581.52223703337,2.88745281443592,27.39153237886492,33.002304063418556,8.820052200510306,uJy
sg0526-66,81.503708,-66.076752,2,640.9460378612534,584.3502370333699,2.88745281443592,27.39153237886492,-5.480405043897033,6.874403998906032,uJy
sg0526-66,81.503708,-66.076752,2,640.9460378612534,587.1782370333699,2.88745281443592,27.39153237886492,-11.439852219989154,6.190817527887745,uJy
sg0526-66,81.503708,-66.076752,2,635.2900378612535,581.52223703337,5.318992026592484,50.45808596106695,26.965665343210105,7.906431795278469,uJy
sg0526-66,81.503708,-66.076752,2,635.2900378612535,584.3502370333699,5.318992026592484,50.45808596106695,57.79920494031181,6.623760533934133,uJy
sg0526-66,81.503708,-66.076752,2,635.2900378612535,587.1782370333699,5.318992026592484,50.45808596106695,101.62918076818588,9.707019840197745,uJy
sg0526-66,81.503708,-66.076752,2,638.1180378612535,581.52223703337,5.318992026592484,50.45808596106695,-2.5651276382148267,6.897046122688572,uJy
sg0526-66,81.503708,-66.076752,2,638.1180378612535,584.3502370333699,5.318992026592484,50.45808596106695,3.226177850106452,7.163014245485845,uJy
sg0526-66,81.503708,-66.076752,2,638.1180378612535,587.1782370333699,5.318992026592484,50.45808596106695,47.90231615366471,10.681600732060314,uJy
sg0526-66,81.503708,-66.076752,2,640.9460378612534,581.52223703337,5.318992026592484,50.45808596106695,51.33198169790908,8.811623797884,uJy
sg0526-66,81.503708,-66.076752,2,640.9460378612534,584.3502370333699,5.318992026592484,50.45808596106695,12.143861100299658,6.878337089282986,uJy
sg0526-66,81.503708,-66.076752,2,640.9460378612534,587.1782370333699,5.318992026592484,50.45808596106695,5.582806482398511,6.18153329705292,uJy
sg0526-66,81.503708,-66.076752,3,521.9180591855207,552.7208756192791,7.89466072087667,75.89492610711184,39.11393555131966,24.00661403842197,uJy
sg0526-66,81.503708,-66.076752,3,521.9180591855207,555.5488756192791,7.89466072087667,75.89492610711184,-98.26080633918923,25.60753706556818,uJy
sg0526-66,81.503708,-66.076752,3,521.9180591855207,558.3768756192791,7.89466072087667,75.89492610711184,90.77653456790885,30.91586212990135,uJy
sg0526-66,81.503708,-66.076752,3,524.7460591855207,552.7208756192791,7.89466072087667,75.89492610711184,-84.43947734726174,30.087020545506892,uJy
sg0526-66,81.503708,-66.076752,3,524.7460591855207,555.5488756192791,7.89466072087667,75.89492610711184,-36.927738609977816,19.883725905336536,uJy
sg0526-66,81.503708,-66.076752,3,524.7460591855207,558.3768756192791,7.89466072087667,75.89492610711184,29.441397739907774,29.24180087492237,uJy
sg0526-66,81.503708,-66.076752,3,527.5740591855207,552.7208756192791,7.89466072087667,75.89492610711184,-19.593273173285557,35.800544212439156,uJy
sg0526-66,81.503708,-66.076752,3,527.5740591855207,555.5488756192791,7.89466072087667,75.89492610711184,18.878187721630187,28.736346947973566,uJy
sg0526-66,81.503708,-66.076752,3,527.5740591855207,558.3768756192791,7.89466072087667,75.89492610711184,-27.041087689086517,25.79292782618871,uJy
sg0526-66,81.503708,-66.076752,3,521.9180591855207,552.7208756192791,14.542796064772814,139.8064428288902,75.67534163116775,24.039681574067465,uJy
sg0526-66,81.503708,-66.076752,3,521.9180591855207,555.5488756192791,14.542796064772814,139.8064428288902,-65.67112341418975,25.611663152058767,uJy
sg0526-66,81.503708,-66.076752,3,521.9180591855207,558.3768756192791,14.542796064772814,139.8064428288902,129.7013231079113,30.854375028785682,uJy
sg0526-66,81.503708,-66.076752,3,524.7460591855207,552.7208756192791,14.542796064772814,139.8064428288902,-42.643757164280494,30.05777449592753,uJy
sg0526-66,81.503708,-66.076752,3,524.7460591855207,555.5488756192791,14.542796064772814,139.8064428288902,0.48786079922299835,19.82397829495792,uJy
sg0526-66,81.503708,-66.076752,3,524.7460591855207,558.3768756192791,14.542796064772814,139.8064428288902,64.56300986253768,29.191470502752516,uJy
sg0526-66,81.503708,-66.076752,3,527.5740591855207,552.7208756192791,14.542796064772814,139.8064428288902,12.192031335940772,35.75751584165107,uJy
sg0526-66,81.503708,-66.076752,3,527.5740591855207,555.5488756192791,14.542796064772814,139.8064428288902,56.81757363268361,28.625039250687166,uJy
sg0526-66,81.503708,-66.076752,3,527.5740591855207,558.3768756192791,14.542796064772814,139.8064428288902,10.331925804423541,25.777064152825737,uJy
sg0526-66,81.503708,-66.076752,4,636.0547527710729,581.1652872683266,4.533102719172931,46.880759018332974,-31.506761857515986,9.426309117067358,uJy
sg0526-66,81.503708,-66.076752,4,636.0547527710729,583.9932872683265,4.533102719172931,46.880759018332974,26.666719195652345,14.197343191427066,uJy
sg0526-66,81.503708,-66.076752,4,636.0547527710729,586.8212872683265,4.533102719172931,46.880759018332974,133.32863079783218,14.574456996860881,uJy
sg0526-66,81.503708,-66.076752,4,638.8827527710729,581.1652872683266,4.533102719172931,46.880759018332974,-52.69919669151804,16.0848579770118,uJy
sg0526-66,81.503708,-66.076752,4,638.8827527710729,583.9932872683265,4.533102719172931,46.880759018332974,-66.05940290714527,12.233860075277457,uJy
sg0526-66,81.503708,-66.076752,4,638.8827527710729,586.8212872683265,4.533102719172931,46.880759018332974,56.447875404291686,17.849783727235074,uJy
sg0526-66,81.503708,-66.076752,4,641.7107527710729,581.1652872683266,4.533102719172931,46.880759018332974,-7.277196816645591,23.18116709585002,uJy
sg0526-66,81.503708,-66.076752,4,641.7107527710729,583.9932872683265,4.533102719172931,46.880759018332974,-43.80228691527291,15.324803554054688,uJy
sg0526-66,81.503708,-66.076752,4,641.7107527710729,586.8212872683265,4.533102719172931,46.880759018332974,-64.01366948497086,16.70453073245842,uJy
sg0526-66,81.503708,-66.076752,4,636.0547527710729,581.1652872683266,8.35045237742382,86.3592929285081,-12.81605668672789,9.357952481291536,uJy
sg0526-66,81.503708,-66.076752,4,636.0547527710729,583.9932872683265,8.35045237742382,86.3592929285081,44.62993717659954,14.11283601119166,uJy
sg0526-66,81.503708,-66.076752,4,636.0547527710729,586.8212872683265,8.35045237742382,86.3592929285081,150.76037712098721,14.557066640090932,uJy
sg0526-66,81.503708,-66.076752,4,638.8827527710729,581.1652872683266,8.35045237742382,86.3592929285081,-33.321486619094,16.049095148599363,uJy
sg0526-66,81.503708,-66.076752,4,638.8827527710729,583.9932872683265,8.35045237742382,86.3592929285081,-48.50629745859041,12.151350836576567,uJy
sg0526-66,81.503708,-66.076752,4,638.8827527710729,586.8212872683265,8.35045237742382,86.3592929285081,75.60630912730709,17.805345034513696,uJy
sg0526-66,81.503708,-66.076752,4,641.7107527710729,581.1652872683266,8.35045237742382,86.3592929285081,12.691126427431687,23.21077868573988,uJy
sg0526-66,81.503708,-66.076752,4,641.7107527710729,583.9932872683265,8.35045237742382,86.3592929285081,-25.92757457081421,15.348452857205103,uJy
sg0526-66,81.503708,-66.076752,4,641.7107527710729,586.8212872683265,8.35045237742382,86.3592929285081,-45.041942037598645,16.66776604835552,uJy
1e1048-5937,162.52975,-59.889278,1,626.6610636529716,571.1409207604087,38.71630716285849,368.91801187808784,276.054272274531,60.27735822631239,uJy
1e1048-5937,162.52975,-59.889278,1,626.6610636529716,573.9689207604087,38.71630716285849,368.91801187808784,574.7552211529913,102.49340957643803,uJy
1e1048-5937,162.52975,-59.889278,1,626.6610636529716,576.7969207604086,38.71630716285849,368.91801187808784,959.0440939919092,23.11823708894316,uJy
1e1048-5937,162.52975,-59.889278,1,629.4890636529716,571.1409207604087,38.71630716285849,368.91801187808784,262.5552537971735,24.51819012790802,uJy
1e1048-5937,162.52975,-59.889278,1,629.4890636529716,573.9689207604087,38.71630716285849,368.91801187808784,347.43440561035885,97.12817064205188,uJy
1e1048-5937,162.52975,-59.889278,1,629.4890636529716,576.7969207604086,38.71630716285849,368.91801187808784,509.68793281415947,122.48939338513064,uJy
1e1048-5937,162.52975,-59.889278,1,632.3170636529716,571.1409207604087,38.71630716285849,368.91801187808784,292.0399363995163,10.223936937178133,uJy
1e1048-5937,162.52975,-59.889278,1,632.3170636529716,573.9689207604087,38.71630716285849,368.91801187808784,264.51403870942306,21.797044114805743,uJy
1e1048-5937,162.52975,-59.889278,1,632.3170636529716,576.7969207604086,38.71630716285849,368.91801187808784,275.14711988327326,38.41546427777361,uJy
1e1048-5937,162.52975,-59.889278,1,626.6610636529716,571.1409207604087,71.31951319473933,679.5858113543725,518.8255228866544,60.114882171392935,uJy
1e1048-5937,162.52975,-59.889278,1,626.6610636529716,573.9689207604087,71.31951319473933,679.5858113543725,814.2876588958526,102.53892890052957,uJy
1e1048-5937,162.52975,-59.889278,1,626.6610636529716,576.7969207604086,71.31951319473933,679.5858113543725,1194.209092020616,23.385966553386716,uJy
1e1048-5937,162.52975,-59.889278,1,629.4890636529716,571.1409207604087,71.31951319473933,679.5858113543725,502.9217020559963,24.336118236484864,uJy
1e1048-5937,162.52975,-59.889278,1,629.4890636529716,573.9689207604087,71.31951319473933,679.5858113543725,586.7002974313405,97.18208327963714,uJy
1e1048-5937,162.52975,-59.889278,1,629.4890636529716,576.7969207604086,71.31951319473933,679.5858113543725,748.7647723873985,122.53642340614176,uJy
1e1048-5937,162.52975,-59.889278,1,632.3170636529716,571.1409207604087,71.31951319473933,679.5858113543725,533.5499562511733,10.480762345854426,uJy
1e1048-5937,162.52975,-59.889278,1,632.3170636529716,573.9689207604087,71.31951319473933,679.5858113543725,506.84511776321574,21.928491233914198,uJy
1e1048-5937,162.52975,-59.889278,1,632.3170636529716,576.7969207604086,71.31951319473933,679.5858113543725,521.4463433056511,38.383164126333895,uJy
1e1048-5937,162.52975,-59.889278,2,366.0528475044893,364.8754838751081,25.55475368410624,242.42261534890548,165.8652691403598,13.70799073087798,uJy
1e1048-5937,162.52975,-59.889278,2,366.0528475044893,367.7034838751081,25.55475368410624,242.42261534890548,202.09650987821038,13.293282851717244,uJy
1e1048-5937,162.52975,-59.889278,2,366.0528475044893,370.53148387510805,25.55475368410624,242.42261534890548,204.68779402186578,5.66199264267571,uJy
1e1048-5937,162.52975,-59.889278,2,368.8808475044893,364.8754838751081,25.55475368410624,242.42261534890548,218.4471130653322,62.30054420471821,uJy
1e1048-5937,162.52975,-59.889278,2,368.8808475044893,367.7034838751081,25.55475368410624,242.42261534890548,209.84827727613902,63.6777623519889,uJy
1e1048-5937,162.52975,-59.889278,2,368.8808475044893,370.53148387510805,25.55475368410624,242.42261534890548,180.390195182246,23.36631070899495,uJy
1e1048-5937,162.52975,-59.889278,2,371.70884750448926,364.8754838751081,25.55475368410624,242.42261534890548,552.4525595136971,26.472087046374163,uJy
1e1048-5937,162.52975,-59.889278,2,371.70884750448926,367.7034838751081,25.55475368410624,242.42261534890548,516.1758312033281,27.059221347017655,uJy
1e1048-5937,162.52975,-59.889278,2,371.70884750448926,370.53148387510805,25.55475368410624,242.42261534890548,260.24186033722464,69.79695810507543,uJy
1e1048-5937,162.52975,-59.889278,2,366.0528475044893,364.8754838751081,47.07454626019571,446.5679756427207,323.92953297096795,13.766378074675265,uJy
1e1048-5937,162.52975,-59.889278,2,366.0528475044893,367.7034838751081,47.07454626019571,446.5679756427207,358.8323213144035,13.383437092968054,uJy
1e1048-5937,162.52975,-59.889278,2,366.0528475044893,370.53148387510805,47.07454626019571,446.5679756427207,361.32937278214547,5.627437717468603,uJy
1e1048-5937,162.52975,-59.889278,2,368.8808475044893,364.8754838751081,47.07454626019571,446.5679756427207,377.31299168045376,62.576137078576195,uJy
1e1048-5937,162.52975,-59.889278,2,368.8808475044893,367.7034838751081,47.07454626019571,446.5679756427207,365.3828560508311,63.586521451721275,uJy
1e1048-5937,162.52975,-59.889278,2,368.8808475044893,370.53148387510805,47.07454626019571,446.5679756427207,335.1513427105874,23.207597379381653,uJy
1e1048-5937,162.52975,-59.889278,2,371.70884750448926,364.8754838751081,47.07454626019571,446.5679756427207,707.3096173569442,26.90934277876314,uJy
1e1048-5937,162.52975,-59.889278,2,371.70884750448926,367.7034838751081,47.07454626019571,446.5679756427207,675.7687932846011,27.061944066537826,uJy
1e1048-5937,162.52975,-59.889278,2,371.70884750448926,370.53148387510805,47.07454626019571,446.5679756427207,416.57845749226215,69.6788799304736,uJy
1e1048-5937,162.52975,-59.889278,3,605.3708786087483,572.636531321846,17.825514755743633,171.36469482860363,57.660040867670816,42.8719026159194,uJy
1e1048-5937,162.52975,-59.889278,3,605.3708786087483,575.4645313218459,17.825514755743633,171.36469482860363,263.0179466706584,38.76671750681491,uJy
1e1048-5937,162.52975,-59.889278,3,605.3708786087483,578.2925313218459,17.825514755743633,171.36469482860363,463.60638516516843,31.27153723416463,uJy
1e1048-5937,162.52975,-59.889278,3,608.1988786087483,572.636531321846,17.825514755743633,171.36469482860363,59.983726129247444,35.738690036652,uJy
1e1048-5937,162.52975,-59.889278,3,608.1988786087483,575.4645313218459,17.825514755743633,171.36469482860363,196.13073004368704,45.2387323496255,uJy
1e1048-5937,162.52975,-59.889278,3,608.1988786087483,578.2925313218459,17.825514755743633,171.36469482860363,251.2157159947919,44.04209563681876,uJy
1e1048-5937,162.52975,-59.889278,3,611.0268786087482,572.636531321846,17.825514755743633,171.36469482860363,169.50386358848272,35.483885261641575,uJy
1e1048-5937,162.52975,-59.889278,3,611.0268786087482,575.4645313218459,17.825514755743633,171.36469482860363,120.44414615032497,28.917118751880466,uJy
1e1048-5937,162.52975,-59.889278,3,611.0268786087482,578.2925313218459,17.825514755743633,171.36469482860363,153.62607673710679,35.09189653968312,uJy
1e1048-5937,162.52975,-59.889278,3,605.3708786087483,572.636531321846,32.836474550054064,315.67180626321726,146.84269551216215,42.55590318992167,uJy
1e1048-5937,162.52975,-59.889278,3,605.3708786087483,575.4645313218459,32.836474550054064,315.67180626321726,354.5052153880293,38.77548632904454,uJy
1e1048-5937,162.52975,-59.889278,3,605.3708786087483,578.2925313218459,32.836474550054064,315.67180626321726,541.894228778521,31.03800269151684,uJy
1e1048-5937,162.52975,-59.889278,3,608.1988786087483,572.636531321846,32.836474550054064,315.67180626321726,147.25447894905471,35.50799071422517,uJy
1e1048-5937,162.52975,-59.889278,3,608.1988786087483,575.4645313218459,32.836474550054064,315.67180626321726,285.56000864254787,45.389387170728526,uJy
1e1048-5937,162.52975,-59.889278,3,608.1988786087483,578.2925313218459,32.836474550054064,315.67180626321726,344.0816565334976,44.17218220263727,uJy
1e1048-5937,162.52975,-59.889278,3,611.0268786087482,572.636531321846,32.836474550054064,315.67180626321726,251.4400978377622,35.64860011324397,uJy
1e1048-5937,162.52975,-59.889278,3,611.0268786087482,575.4645313218459,32.836474550054064,315.67180626321726,205.4376737196535,28.974567556747225,uJy
1e1048-5937,162.52975,-59.889278,3,611.0268786087482,578.2925313218459,32.836474550054064,315.67180626321726,229.56138551233582,35.06166342108995,uJy
1e1048-5937,162.52975,-59.889278,4,364.8111040334173,364.97317139678074,7.99349615356825,82.66769806570288,-24.17185869091544,7.932921698001855,uJy
1e1048-5937,162.52975,-59.889278,4,364.8111040334173,367.8011713967807,7.99349615356825,82.66769806570288,7.416506675587027,11.941606647053655,uJy
1e1048-5937,162.52975,-59.889278,4,364.8111040334173,370.6291713967807,7.99349615356825,82.66769806570288,59.97856752785683,10.038456654483614,uJy
1e1048-5937,162.52975,-59.889278,4,367.63910403341725,364.97317139678074,7.99349615356825,82.66769806570288,15.412177708654154,22.6454693412339,uJy
1e1048-5937,162.52975,-59.889278,4,367.63910403341725,367.8011713967807,7.99349615356825,82.66769806570288,29.898235857318344,21.706384389891543,uJy
1e1048-5937,162.52975,-59.889278,4,367.63910403341725,370.6291713967807,7.99349615356825,82.66769806570288,30.590616992718115,12.31984006397691,uJy
1e1048-5937,162.52975,-59.889278,4,370.46710403341723,364.97317139678074,7.99349615356825,82.66769806570288,108.007575888927,13.789624886710401,uJy
1e1048-5937,162.52975,-59.889278,4,370.46710403341723,367.8011713967807,7.99349615356825,82.66769806570288,129.69337425721062,12.585189329439453,uJy
1e1048-5937,162.52975,-59.889278,4,370.46710403341723,370.6291713967807,7.99349615356825,82.66769806570288,38.442545080279345,18.65245279942455,uJy
1e1048-5937,162.52975,-59.889278,4,364.8111040334173,364.97317139678074,14.724861335520462,152.282601699979,9.699899457314014,7.975566660977217,uJy
1e1048-5937,162.52975,-59.889278,4,364.8111040334173,367.8011713967807,14.724861335520462,152.282601699979,40.58165328251873,11.941910383142318,uJy
1e1048-5937,162.52975,-59.889278,4,364.8111040334173,370.6291713967807,14.724861335520462,152.282601699979,87.10990361331304,10.026814981120634,uJy
1e1048-5937,162.52975,-59.889278,4,367.63910403341725,364.97317139678074,14.724861335520462,152.282601699979,45.16106119562372,22.8394513875431,uJy
1e1048-5937,162.52975,-59.889278,4,367.63910403341725,367.8011713967807,14.724861335520462,152.282601699979,60.517133569857855,21.6755080102914,uJy
1e1048-5937,162.52975,-59.889278,4,367.63910403341725,370.6291713967807,14.724861335520462,152.282601699979,61.08964946291692,12.215817296105635,uJy
1e1048-5937,162.52975,-59.889278,4,370.46710403341723,364.97317139678074,14.724861335520462,152.282601699979,139.28714624013585,14.102413010224408,uJy
1e1048-5937,162.52975,-59.889278,4,370.46710403341723,367.8011713967807,14.724861335520462,152.282601699979,159.51947431167923,12.661502186368923,uJy
1e1048-5937,162.52975,-59.889278,4,370.46710403341723,370.6291713967807,14.724861335520462,152.282601699979,70.90578227243527,18.658171819052583,uJy
ps1622-4950,245.68706,-49.847969,1,487.9128816555591,466.5686693492953,28.34836824896464,270.1245139523218,631.5692574621226,58.525526446670014,uJy
ps1622-4950,245.68706,-49.847969,1,487.9128816555591,469.3966693492953,28.34836824896464,270.1245139523218,607.7319240185735,103.15388906165721,uJy
ps1622-4950,245.68706,-49.847969,1,487.9128816555591,472.22466934929525,28.34836824896464,270.1245139523218,485.3362807183079,101.2476444514794,uJy
ps1622-4950,245.68706,-49.847969,1,490.74088165555906,466.5686693492953,28.34836824896464,270.1245139523218,351.8065378447634,95.76709846043106,uJy
ps1622-4950,245.68706,-49.847969,1,490.74088165555906,469.3966693492953,28.34836824896464,270.1245139523218,493.0094341864984,70.88024866566383,uJy
ps1622-4950,245.68706,-49.847969,1,490.74088165555906,472.22466934929525,28.34836824896464,270.1245139523218,581.9970372242598,63.29472892856389,uJy
ps1622-4950,245.68706,-49.847969,1,493.56888165555904,466.5686693492953,28.34836824896464,270.1245139523218,131.38548518302153,82.47598395866522,uJy
ps1622-4950,245.68706,-49.847969,1,493.56888165555904,469.3966693492953,28.34836824896464,270.1245139523218,327.13218706363114,48.53685768486806,uJy
ps1622-4950,245.68706,-49.847969,1,493.56888165555904,472.22466934929525,28.34836824896464,270.1245139523218,523.2956634205732,41.9120864886909,uJy
ps1622-4950,245.68706,-49.847969,1,487.9128816555591,466.5686693492953,52.22067835335592,497.5977888595403,805.9209659119207,58.627371147934284,uJy
ps1622-4950,245.68706,-49.847969,1,487.9128816555591,469.3966693492953,52.22067835335592,497.5977888595403,783.5189770915406,103.58480457294844,uJy
ps1622-4950,245.68706,-49.847969,1,487.9128816555591,472.22466934929525,52.22067835335592,497.5977888595403,664.3110280040437,101.33504154639806,uJy
ps1622-4950,245.68706,-49.847969,1,490.74088165555906,466.5686693492953,52.22067835335592,497.5977888595403,526.7281437978241,95.61539935482541,uJy
ps1622-4950,245.68706,-49.847969,1,490.74088165555906,469.3966693492953,52.22067835335592,497.5977888595403,672.5877636982408,70.7186233025174,uJy
ps1622-4950,245.68706,-49.847969,1,490.74088165555906,472.22466934929525,52.22067835335592,497.5977888595403,749.9965793374088,63.27705861190456,uJy
ps1622-4950,245.68706,-49.847969,1,493.56888165555904,466.5686693492953,52.22067835335592,497.5977888595403,311.3107598118112,82.35371453427865,uJy
ps1622-4950,245.68706,-49.847969,1,493.56888165555904,469.3966693492953,52.22067835335592,497.5977888595403,506.24414224146403,48.345463389926046,uJy
ps1622-4950,245.68706,-49.847969,1,493.56888165555904,472.22466934929525,52.22067835335592,497.5977888595403,700.2166645967961,41.98185408406749,uJy
ps1622-4950,245.68706,-49.847969,2,459.1133975156081,483.4839971739542,21.253677793775857,201.62088902287533,364.20330528815913,58.3664949574428,uJy
ps1622-4950,245.68706,-49.847969,2,459.1133975156081,486.3119971739542,21.253677793775857,201.62088902287533,446.7426488178015,53.882112940580846,uJy
ps1622-4950,245.68706,-49.847969,2,459.1133975156081,489.13999717395416,21.253677793775857,201.62088902287533,312.20084094257214,69.24460334521045,uJy
ps1622-4950,245.68706,-49.847969,2,461.94139751560806,483.4839971739542,21.253677793775857,201.62088902287533,178.8458398040235,60.19230835987411,uJy
ps1622-4950,245.68706,-49.847969,2,461.94139751560806,486.3119971739542,21.253677793775857,201.62088902287533,287.9027500234034,53.029615570623534,uJy
ps1622-4950,245.68706,-49.847969,2,461.94139751560806,489.13999717395416,21.253677793775857,201.62088902287533,451.8144457090885,49.255600517714456,uJy
ps1622-4950,245.68706,-49.847969,2,464.76939751560803,483.4839971739542,21.253677793775857,201.62088902287533,45.99845970637427,49.27143278008656,uJy
ps1622-4950,245.68706,-49.847969,2,464.76939751560803,486.3119971739542,21.253677793775857,201.62088902287533,285.92788501117536,39.316551324978995,uJy
ps1622-4950,245.68706,-49.847969,2,464.76939751560803,489.13999717395416,21.253677793775857,201.62088902287533,474.0435132924125,21.68755277078078,uJy
ps1622-4950,245.68706,-49.847969,2,459.1133975156081,483.4839971739542,39.15151172537658,371.4069008316124,491.098701132387,58.40233460560212,uJy
ps1622-4950,245.68706,-49.847969,2,459.1133975156081,486.3119971739542,39.15151172537658,371.4069008316124,580.9847212328316,54.30335849062117,uJy
ps1622-4950,245.68706,-49.847969,2,459.1133975156081,489.13999717395416,39.15151172537658,371.4069008316124,446.58063059760934,69.30823918569767,uJy
ps1622-4950,245.68706,-49.847969,2,461.94139751560806,483.4839971739542,39.15151172537658,371.4069008316124,299.48551526731256,60.12184936630556,uJy
ps1622-4950,245.68706,-49.847969,2,461.94139751560806,486.3119971739542,39.15151172537658,371.4069008316124,421.4497040170626,53.009778670167115,uJy
ps1622-4950,245.68706,-49.847969,2,461.94139751560806,489.13999717395416,39.15151172537658,371.4069008316124,581.6987832071723,49.27928653426611,uJy
ps1622-4950,245.68706,-49.847969,2,464.76939751560803,483.4839971739542,39.15151172537658,371.4069008316124,180.45003834054026,49.18210160800343,uJy
ps1622-4950,245.68706,-49.847969,2,464.76939751560803,486.3119971739542,39.15151172537658,371.4069008316124,420.6764537801118,39.25621866458192,uJy
ps1622-4950,245.68706,-49.847969,2,464.76939751560803,489.13999717395416,39.15151172537658,371.4069008316124,606.6680804179133,21.686696166930773,uJy
ps1622-4950,245.68706,-49.847969,3,375.6499535129585,371.64705950260924,38.95963347147049,374.536488396308,338.90032768021007,92.84547044083823,uJy
ps1622-4950,245.68706,-49.847969,3,375.6499535129585,374.4750595026092,38.95963347147049,374.536488396308,666.7709377022364,123.79924676228453,uJy
ps1622-4950,245.68706,-49.847969,3,375.6499535129585,377.3030595026092,38.95963347147049,374.536488396308,371.8090362523071,104.70312238275656,uJy
ps1622-4950,245.68706,-49.847969,3,378.4779535129585,371.64705950260924,38.95963347147049,374.536488396308,296.71382722921265,116.01092543685014,uJy
ps1622-4950,245.68706,-49.847969,3,378.4779535129585,374.4750595026092,38.95963347147049,374.536488396308,1453.6496596208376,98.0235076116004,uJy
ps1622-4950,245.68706,-49.847969,3,378.4779535129585,377.3030595026092,38.95963347147049,374.536488396308,477.8265245350123,114.04708390353775,uJy
ps1622-4950,245.68706,-49.847969,3,381.30595351295847,371.64705950260924,38.95963347147049,374.536488396308,579.2771728825785,171.55779225808956,uJy
ps1622-4950,245.68706,-49.847969,3,381.30595351295847,374.4750595026092,38.95963347147049,374.536488396308,875.3434435746734,183.25063326189024,uJy
ps1622-4950,245.68706,-49.847969,3,381.30595351295847,377.3030595026092,38.95963347147049,374.536488396308,372.3696145915829,122.90118298582289,uJy
ps1622-4950,245.68706,-49.847969,3,375.6499535129585,371.64705950260924,71.76774586849827,689.9356365195147,524.2300407957331,92.60929556424065,uJy
ps1622-4950,245.68706,-49.847969,3,375.6499535129585,374.4750595026092,71.76774586849827,689.9356365195147,828.7213759172417,123.22342303095095,uJy
ps1622-4950,245.68706,-49.847969,3,375.6499535129585,377.3030595026092,71.76774586849827,689.9356365195147,546.6825015440368,104.5856115338979,uJy
ps1622-4950,245.68706,-49.847969,3,378.4779535129585,371.64705950260924,71.76774586849827,689.9356365195147,485.1099516808123,115.91910229890834,uJy
ps1622-4950,245.68706,-49.847969,3,378.4779535129585,374.4750595026092,71.76774586849827,689.9356365195147,1649.7345100147718,97.64876391659057,uJy
ps1622-4950,245.68706,-49.847969,3,378.4779535129585,377.3030595026092,71.76774586849827,689.9356365195147,648.3737374621542,114.23436750697954,uJy
ps1622-4950,245.68706,-49.847969,3,381.30595351295847,371.64705950260924,71.76774586849827,689.9356365195147,751.3397769634427,170.99477605868898,uJy
ps1622-4950,245.68706,-49.847969,3,381.30595351295847,374.4750595026092,71.76774586849827,689.9356365195147,1080.8207572236136,183.4921534840426,uJy
ps1622-4950,245.68706,-49.847969,3,381.30595351295847,377.3030595026092,71.76774586849827,689.9356365195147,573.5605702200071,123.34782344665884,uJy
ps1622-4950,245.68706,-49.847969,4,197.33876505337096,385.97250611245624,nan,nan,nan,nan,uJy
ps1622-4950,245.68706,-49.847969,4,197.33876505337096,388.8005061124562,nan,nan,nan,nan,uJy
ps1622-4950,245.68706,-49.847969,4,197.33876505337096,391.6285061124562,nan,nan,nan,nan,uJy
ps1622-4950,245.68706,-49.847969,4,200.16676505337097,385.97250611245624,nan,nan,nan,nan,uJy
ps1622-4950,245.68706,-49.847969,4,200.16676505337097,388.8005061124562,nan,nan,nan,nan,uJy
ps1622-4950,245.68706,-49.847969,4,200.16676505337097,391.6285061124562,nan,nan,nan,nan,uJy
ps1622-4950,245.68706,-49.847969,4,202.99476505337097,385.97250611245624,nan,nan,nan,nan,uJy
ps1622-4950,245.68706,-49.847969,4,202.99476505337097,388.8005061124562,nan,nan,nan,nan,uJy
ps1622-4950,245.68706,-49.847969,4,202.99476505337097,391.6285061124562,nan,nan,nan,nan,uJy
ps1622-4950,245.68706,-49.847969,4,197.33876505337096,385.97250611245624,nan,nan,nan,nan,uJy
ps1622-4950,245.68706,-49.847969,4,197.33876505337096,388.8005061124562,nan,nan,nan,nan,uJy
ps1622-4950,245.68706,-49.847969,4,197.33876505337096,391.6285061124562,nan,nan,nan,nan,uJy
ps1622-4950,245.68706,-49.847969,4,200.16676505337097,385.97250611245624,nan,nan,nan,nan,uJy
ps1622-4950,245.68706,-49.847969,4,200.16676505337097,388.8005061124562,nan,nan,nan,nan,uJy
ps1622-4950,245.68706,-49.847969,4,200.16676505337097,391.6285061124562,nan,nan,nan,nan,uJy
ps1622-4950,245.68706,-49.847969,4,202.99476505337097,385.97250611245624,nan,nan,nan,nan,uJy
ps1622-4950,245.68706,-49.847969,4,202.99476505337097,388.8005061124562,nan,nan,nan,nan,uJy
ps1622-4950,245.68706,-49.847969,4,202.99476505337097,391.6285061124562,nan,nan,nan,nan,uJy
sg1627-41,248.96602,-47.589806,2,330.5201161221688,478.6715248360406,72.08789946245537,683.8546494606368,376.6329824175239,48.41196880269186,uJy
sg1627-41,248.96602,-47.589806,2,330.5201161221688,481.49952483604056,72.08789946245537,683.8546494606368,649.6558556792737,118.29673616416764,uJy
sg1627-41,248.96602,-47.589806,2,330.5201161221688,484.32752483604054,72.08789946245537,683.8546494606368,1014.8097283720972,208.63508791521983,uJy
sg1627-41,248.96602,-47.589806,2,333.3481161221688,478.6715248360406,72.08789946245537,683.8546494606368,355.90195844326917,95.90244320335536,uJy
sg1627-41,248.96602,-47.589806,2,333.3481161221688,481.49952483604056,72.08789946245537,683.8546494606368,762.6922316535415,180.16534036388677,uJy
sg1627-41,248.96602,-47.589806,2,333.3481161221688,484.32752483604054,72.08789946245537,683.8546494606368,1726.1346195019248,74.26811392013761,uJy
sg1627-41,248.96602,-47.589806,2,336.17611612216876,478.6715248360406,72.08789946245537,683.8546494606368,289.4261515161008,107.73783754326251,uJy
sg1627-41,248.96602,-47.589806,2,336.17611612216876,481.49952483604056,72.08789946245537,683.8546494606368,631.5684757043958,152.92332366395823,uJy
sg1627-41,248.96602,-47.589806,2,336.17611612216876,484.32752483604054,72.08789946245537,683.8546494606368,1758.1684849432352,59.04034438954438,uJy
sg1627-41,248.96602,-47.589806,2,330.5201161221688,478.6715248360406,132.79349900978622,1259.7322490064362,811.4392581232073,48.29403735271519,uJy
sg1627-41,248.96602,-47.589806,2,330.5201161221688,481.49952483604056,132.79349900978622,1259.7322490064362,1110.5729703131617,118.77559793927878,uJy
sg1627-41,248.96602,-47.589806,2,330.5201161221688,484.32752483604054,132.79349900978622,1259.7322490064362,1461.9795400075438,209.16854166538545,uJy
sg1627-41,248.96602,-47.589806,2,333.3481161221688,478.6715248360406,132.79349900978622,1259.7322490064362,800.5756448175551,95.59405929642352,uJy
sg1627-41,248.96602,-47.589806,2,333.3481161221688,481.49952483604056,132.79349900978622,1259.7322490064362,1219.7685995727302,180.35597536374314,uJy
sg1627-41,248.96602,-47.589806,2,333.3481161221688,484.32752483604054,132.79349900978622,1259.7322490064362,2182.17224409414,75.62358259250962,uJy
sg1627-41,248.96602,-47.589806,2,336.17611612216876,478.6715248360406,132.79349900978622,1259.7322490064362,743.5648319915773,107.61147722224192,uJy
sg1627-41,248.96602,-47.589806,2,336.17611612216876,481.49952483604056,132.79349900978622,1259.7322490064362,1071.6828752446534,153.27838693062864,uJy
sg1627-41,248.96602,-47.589806,2,336.17611612216876,484.32752483604054,132.79349900978622,1259.7322490064362,2194.7239585198286,59.27930888129875,uJy
sg1627-41,248.96602,-47.589806,3,322.3768077626731,323.681632120964,76.23806079517917,732.9107855514152,684.5717916920156,253.41497327308397,uJy
sg1627-41,248.96602,-47.589806,3,322.3768077626731,326.509632120964,76.23806079517917,732.9107855514152,790.7999974445538,201.62161930210928,uJy
sg1627-41,248.96602,-47.589806,3,322.3768077626731,329.337632120964,76.23806079517917,732.9107855514152,481.7849160408736,148.61190471547386,uJy
sg1627-41,248.96602,-47.589806,3,325.20480776267306,323.681632120964,76.23806079517917,732.9107855514152,818.9243021894857,197.3227531354996,uJy
sg1627-41,248.96602,-47.589806,3,325.20480776267306,326.509632120964,76.23806079517917,732.9107855514152,539.8656441824637,192.33291698462713,uJy
sg1627-41,248.96602,-47.589806,3,325.20480776267306,329.337632120964,76.23806079517917,732.9107855514152,1083.7803323281005,125.76133025507477,uJy
sg1627-41,248.96602,-47.589806,3,328.03280776267303,323.681632120964,76.23806079517917,732.9107855514152,73.80778519165293,133.47069300535875,uJy
sg1627-41,248.96602,-47.589806,3,328.03280776267303,326.509632120964,76.23806079517917,732.9107855514152,393.2402475469269,158.7329645629224,uJy
sg1627-41,248.96602,-47.589806,3,328.03280776267303,329.337632120964,76.23806079517917,732.9107855514152,880.1164817508012,121.95567240606752,uJy
sg1627-41,248.96602,-47.589806,3,322.3768077626731,323.681632120964,140.4385330437511,1350.0988154894492,1068.9534687048526,252.80936631891691,uJy
sg1627-41,248.96602,-47.589806,3,322.3768077626731,326.509632120964,140.4385330437511,1350.0988154894492,1159.6557345868232,201.40616109544584,uJy
sg1627-41,248.96602,-47.589806,3,322.3768077626731,329.337632120964,140.4385330437511,1350.0988154894492,886.6452344236852,148.92580196910063,uJy
sg1627-41,248.96602,-47.589806,3,325.20480776267306,323.681632120964,140.4385330437511,1350.0988154894492,1177.6808662398696,196.92602458623747,uJy
sg1627-41,248.96602,-47.589806,3,325.20480776267306,326.509632120964,140.4385330437511,1350.0988154894492,934.8474019020365,192.0239555133122,uJy
sg1627-41,248.96602,-47.589806,3,325.20480776267306,329.337632120964,140.4385330437511,1350.0988154894492,1442.179362811804,126.35731851437329,uJy
sg1627-41,248.96602,-47.589806,3,328.03280776267303,323.681632120964,140.4385330437511,1350.0988154894492,436.7336071993619,132.6919872361862,uJy
sg1627-41,248.96602,-47.589806,3,328.03280776267303,326.509632120964,140.4385330437511,1350.0988154894492,771.12407082036,158.23939125075557,uJy
sg1627-41,248.96602,-47.589806,3,328.03280776267303,329.337632120964,140.4385330437511,1350.0988154894492,1229.6065765978515,122.02064917272298,uJy
sg1627-41,248.96602,-47.589806,4,326.78145839752244,318.63980364398884,175.71420591333623,1817.213474708955,1739.0678283346745,676.3403169062875,uJy
sg1627-41,248.96602,-47.589806,4,326.78145839752244,321.4678036439888,175.71420591333623,1817.213474708955,2585.5853524655477,530.0507309648324,uJy
sg1627-41,248.96602,-47.589806,4,326.78145839752244,324.2958036439888,175.71420591333623,1817.213474708955,1394.079037169485,385.0282608262776,uJy
sg1627-41,248.96602,-47.589806,4,329.6094583975224,318.63980364398884,175.71420591333623,1817.213474708955,1369.1615844603862,541.8055244704568,uJy
sg1627-41,248.96602,-47.589806,4,329.6094583975224,321.4678036439888,175.71420591333623,1817.213474708955,1387.099849141788,475.9064218018814,uJy
sg1627-41,248.96602,-47.589806,4,329.6094583975224,324.2958036439888,175.71420591333623,1817.213474708955,1140.2346469307024,369.0795063797294,uJy
sg1627-41,248.96602,-47.589806,4,332.4374583975224,318.63980364398884,175.71420591333623,1817.213474708955,395.7045626651404,313.64093838645954,uJy
sg1627-41,248.96602,-47.589806,4,332.4374583975224,321.4678036439888,175.71420591333623,1817.213474708955,593.7145998672027,338.0907883401607,uJy
sg1627-41,248.96602,-47.589806,4,332.4374583975224,324.2958036439888,175.71420591333623,1817.213474708955,995.9412654550679,272.7641873703384,uJy
sg1627-41,248.96602,-47.589806,4,326.78145839752244,318.63980364398884,323.68406352456674,3347.4985060428116,2300.2667031854335,673.9414847278221,uJy
sg1627-41,248.96602,-47.589806,4,326.78145839752244,321.4678036439888,323.68406352456674,3347.4985060428116,3192.2919696082527,527.1658082105222,uJy
sg1627-41,248.96602,-47.589806,4,326.78145839752244,324.2958036439888,323.68406352456674,3347.4985060428116,2128.8161685373057,382.35867144190945,uJy
sg1627-41,248.96602,-47.589806,4,329.6094583975224,318.63980364398884,323.68406352456674,3347.4985060428116,2008.9503658676417,540.0628440088988,uJy
sg1627-41,248.96602,-47.589806,4,329.6094583975224,321.4678036439888,323.68406352456674,3347.4985060428116,2070.9832367896843,474.13683223760495,uJy
sg1627-41,248.96602,-47.589806,4,329.6094583975224,324.2958036439888,323.68406352456674,3347.4985060428116,1803.4515584430067,366.5346875068422,uJy
sg1627-41,248.96602,-47.589806,4,332.4374583975224,318.63980364398884,323.68406352456674,3347.4985060428116,1025.2508147241856,313.1707333058719,uJy
sg1627-41,248.96602,-47.589806,4,332.4374583975224,321.4678036439888,323.68406352456674,3347.4985060428116,1194.5866697632046,336.28212226624424,uJy
sg1627-41,248.96602,-47.589806,4,332.4374583975224,324.2958036439888,323.68406352456674,3347.4985060428116,1610.5525636102477,270.3391148984162,uJy
cx1647-4552,251.79248,-45.871361,1,612.5299057501572,610.8628346027185,174.69999081742114,1664.672537501502,3342.007054479076,69.26523186067855,uJy
cx1647-4552,251.79248,-45.871361,1,612.5299057501572,613.6908346027185,174.69999081742114,1664.672537501502,1539.8356149065776,434.7445450838142,uJy
cx1647-4552,251.79248,-45.871361,1,612.5299057501572,616.5188346027185,174.69999081742114,1664.672537501502,2577.1333754769994,364.96806124318255,uJy
cx1647-4552,251.79248,-45.871361,1,615.3579057501572,610.8628346027185,174.69999081742114,1664.672537501502,1985.8967330452335,235.8453953623472,uJy
cx1647-4552,251.79248,-45.871361,1,615.3579057501572,613.6908346027185,174.69999081742114,1664.672537501502,807.7811655683164,436.77540743865967,uJy
cx1647-4552,251.79248,-45.871361,1,615.3579057501572,616.5188346027185,174.69999081742114,1664.672537501502,2827.6513104526143,364.9987493887804,uJy
cx1647-4552,251.79248,-45.871361,1,618.1859057501572,610.8628346027185,174.69999081742114,1664.672537501502,1420.7378968846053,164.18399445624243,uJy
cx1647-4552,251.79248,-45.871361,1,618.1859057501572,613.6908346027185,174.69999081742114,1664.672537501502,1859.0398274424301,312.6124514000838,uJy
cx1647-4552,251.79248,-45.871361,1,618.1859057501572,616.5188346027185,174.69999081742114,1664.672537501502,2995.822258578921,101.18731047518736,uJy
cx1647-4552,251.79248,-45.871361,1,612.5299057501572,610.8628346027185,321.8157725584074,3066.5020427659247,4407.86057828391,70.03441320854301,uJy
cx1647-4552,251.79248,-45.871361,1,612.5299057501572,613.6908346027185,321.8157725584074,3066.5020427659247,2626.4892864643225,434.8511434761328,uJy
cx1647-4552,251.79248,-45.871361,1,612.5299057501572,616.5188346027185,321.8157725584074,3066.5020427659247,3675.076266024225,367.88185315883965,uJy
cx1647-4552,251.79248,-45.871361,1,615.3579057501572,610.8628346027185,321.8157725584074,3066.5020427659247,3056.9766673327986,235.39848433839984,uJy
cx1647-4552,251.79248,-45.871361,1,615.3579057501572,613.6908346027185,321.8157725584074,3066.5020427659247,1917.888489492126,435.7312795707269,uJy
cx1647-4552,251.79248,-45.871361,1,615.3579057501572,616.5188346027185,321.8157725584074,3066.5020427659247,3935.336263935976,366.34773650109554,uJy
cx1647-4552,251.79248,-45.871361,1,618.1859057501572,610.8628346027185,321.8157725584074,3066.5020427659247,2518.8463318546865,163.41707959721373,uJy
cx1647-4552,251.79248,-45.871361,1,618.1859057501572,613.6908346027185,321.8157725584074,3066.5020427659247,2956.372042210847,312.02307213233865,uJy
cx1647-4552,251.79248,-45.871361,1,618.1859057501572,616.5188346027185,321.8157725584074,3066.5020427659247,4029.3860807530027,102.25560908984878,uJy
cx1647-4552,251.79248,-45.871361,3,344.2438522077136,414.1845160210689,nan,nan,nan,nan,uJy
cx1647-4552,251.79248,-45.871361,3,344.2438522077136,417.01251602106885,nan,nan,nan,nan,uJy
cx1647-4552,251.79248,-45.871361,3,344.2438522077136,419.8405160210688,nan,nan,nan,nan,uJy
cx1647-4552,251.79248,-45.871361,3,347.07185220771356,414.1845160210689,nan,nan,nan,nan,uJy
cx1647-4552,251.79248,-45.871361,3,347.07185220771356,417.01251602106885,nan,nan,nan,nan,uJy
cx1647-4552,251.79248,-45.871361,3,347.07185220771356,419.8405160210688,nan,nan,nan,nan,uJy
cx1647-4552,251.79248,-45.871361,3,349.89985220771354,414.1845160210689,nan,nan,nan,nan,uJy
cx1647-4552,251.79248,-45.871361,3,349.89985220771354,417.01251602106885,nan,nan,nan,nan,uJy
cx1647-4552,251.79248,-45.871361,3,349.89985220771354,419.8405160210688,nan,nan,nan,nan,uJy
cx1647-4552,251.79248,-45.871361,3,344.2438522077136,414.1845160210689,nan,nan,nan,nan,uJy
cx1647-4552,251.79248,-45.871361,3,344.2438522077136,417.01251602106885,nan,nan,nan,nan,uJy
cx1647-4552,251.79248,-45.871361,3,344.2438522077136,419.8405160210688,nan,nan,nan,nan,uJy
cx1647-4552,251.79248,-45.871361,3,347.07185220771356,414.1845160210689,nan,nan,nan,nan,uJy
cx1647-4552,251.79248,-45.871361,3,347.07185220771356,417.01251602106885,nan,nan,nan,nan,uJy
cx1647-4552,251.79248,-45.871361,3,347.07185220771356,419.8405160210688,nan,nan,nan,nan,uJy
cx1647-4552,251.79248,-45.871361,3,349.89985220771354,414.1845160210689,nan,nan,nan,nan,uJy
cx1647-4552,251.79248,-45.871361,3,349.89985220771354,417.01251602106885,nan,nan,nan,nan,uJy
cx1647-4552,251.79248,-45.871361,3,349.89985220771354,419.8405160210688,nan,nan,nan,nan,uJy
cx1647-4552,251.79248,-45.871361,4,164.92252656905643,425.3122148871124,59.2555667836024,612.8133684523342,nan,nan,uJy
cx1647-4552,251.79248,-45.871361,4,164.92252656905643,428.1402148871124,59.2555667836024,612.8133684523342,nan,nan,uJy
cx1647-4552,251.79248,-45.871361,4,164.92252656905643,430.96821488711237,59.2555667836024,612.8133684523342,nan,nan,uJy
cx1647-4552,251.79248,-45.871361,4,167.75052656905643,425.3122148871124,59.2555667836024,612.8133684523342,785.9124975868683,183.7037035705815,uJy
cx1647-4552,251.79248,-45.871361,4,167.75052656905643,428.1402148871124,59.2555667836024,612.8133684523342,715.873942044097,161.6853301684351,uJy
cx1647-4552,251.79248,-45.871361,4,167.75052656905643,430.96821488711237,59.2555667836024,612.8133684523342,230.1834299706265,172.36608403391605,uJy
cx1647-4552,251.79248,-45.871361,4,170.57852656905644,425.3122148871124,59.2555667836024,612.8133684523342,545.1647121950514,142.5479841756239,uJy
cx1647-4552,251.79248,-45.871361,4,170.57852656905644,428.1402148871124,59.2555667836024,612.8133684523342,509.49273595481213,173.5908296620785,uJy
cx1647-4552,251.79248,-45.871361,4,170.57852656905644,430.96821488711237,59.2555667836024,612.8133684523342,305.15984925165367,199.38025160079977,uJy
cx1647-4552,251.79248,-45.871361,4,164.92252656905643,425.3122148871124,109.15499144347811,1128.8667313595631,nan,nan,uJy
cx1647-4552,251.79248,-45.871361,4,164.92252656905643,428.1402148871124,109.15499144347811,1128.8667313595631,nan,nan,uJy
cx1647-4552,251.79248,-45.871361,4,164.92252656905643,430.96821488711237,109.15499144347811,1128.8667313595631,nan,nan,uJy
cx1647-4552,251.79248,-45.871361,4,167.75052656905643,425.3122148871124,109.15499144347811,1128.8667313595631,1023.9982075234327,184.7728082578945,uJy
cx1647-4552,251.79248,-45.871361,4,167.75052656905643,428.1402148871124,109.15499144347811,1128.8667313595631,968.2165010593116,162.1005467717932,uJy
cx1647-4552,251.79248,-45.871361,4,167.75052656905643,430.96821488711237,109.15499144347811,1128.8667313595631,486.6015589426563,172.271386800309,uJy
cx1647-4552,251.79248,-45.871361,4,170.57852656905644,425.3122148871124,109.15499144347811,1128.8667313595631,782.1915988268853,143.9676738751575,uJy
cx1647-4552,251.79248,-45.871361,4,170.57852656905644,428.1402148871124,109.15499144347811,1128.8667313595631,751.9902510513547,174.46830709998264,uJy
cx1647-4552,251.79248,-45.871361,4,170.57852656905644,430.96821488711237,109.15499144347811,1128.8667313595631,525.7052394030119,199.10504509015547,uJy
1r1708-4009,257.19528,-40.147903,1,607.1760006507864,483.7913353519239,51.75591183906166,493.1691449364588,94.27187520223205,83.37702651203757,uJy
1r1708-4009,257.19528,-40.147903,1,607.1760006507864,486.6193353519239,51.75591183906166,493.1691449364588,-233.1105538902339,171.2742456667513,uJy
1r1708-4009,257.19528,-40.147903,1,607.1760006507864,489.44733535192387,51.75591183906166,493.1691449364588,95.5315511295246,531.6262465783624,uJy
1r1708-4009,257.19528,-40.147903,1,610.0040006507863,483.7913353519239,51.75591183906166,493.1691449364588,536.5118966083322,102.21015362544735,uJy
1r1708-4009,257.19528,-40.147903,1,610.0040006507863,486.6193353519239,51.75591183906166,493.1691449364588,780.0984793184745,129.94558604854907,uJy
1r1708-4009,257.19528,-40.147903,1,610.0040006507863,489.44733535192387,51.75591183906166,493.1691449364588,1159.2280488212828,1029.9880811772737,uJy
1r1708-4009,257.19528,-40.147903,1,612.8320006507863,483.7913353519239,51.75591183906166,493.1691449364588,583.0169318042184,76.73715008828863,uJy
1r1708-4009,257.19528,-40.147903,1,612.8320006507863,486.6193353519239,51.75591183906166,493.1691449364588,1051.8434803465243,93.80658387949813,uJy
1r1708-4009,257.19528,-40.147903,1,612.8320006507863,489.44733535192387,51.75591183906166,493.1691449364588,1217.6546340918728,866.3647492422904,uJy
1r1708-4009,257.19528,-40.147903,1,607.1760006507864,483.7913353519239,95.33983759827149,908.4694775145296,417.39249857378195,83.61872369597965,uJy
1r1708-4009,257.19528,-40.147903,1,607.1760006507864,486.6193353519239,95.33983759827149,908.4694775145296,82.76319307502825,171.51389741392998,uJy
1r1708-4009,257.19528,-40.147903,1,607.1760006507864,489.44733535192387,95.33983759827149,908.4694775145296,416.5558498319099,531.4763024523327,uJy
1r1708-4009,257.19528,-40.147903,1,610.0040006507863,483.7913353519239,95.33983759827149,908.4694775145296,860.3038381349947,102.31807936517335,uJy
1r1708-4009,257.19528,-40.147903,1,610.0040006507863,486.6193353519239,95.33983759827149,908.4694775145296,1103.2117793006917,130.10375293601192,uJy
1r1708-4009,257.19528,-40.147903,1,610.0040006507863,489.44733535192387,95.33983759827149,908.4694775145296,1481.0961795822905,1029.7246819369077,uJy
1r1708-4009,257.19528,-40.147903,1,612.8320006507863,483.7913353519239,95.33983759827149,908.4694775145296,902.632942219656,76.79363030397457,uJy
1r1708-4009,257.19528,-40.147903,1,612.8320006507863,486.6193353519239,95.33983759827149,908.4694775145296,1367.3355780854356,93.84405654423861,uJy
1r1708-4009,257.19528,-40.147903,1,612.8320006507863,489.44733535192387,95.33983759827149,908.4694775145296,1525.406315005403,866.2837674917133,uJy
1r1708-4009,257.19528,-40.147903,2,292.5620524175936,286.30068011982394,45.04553699807465,427.31998217853544,349.99675844053627,78.96385338271702,uJy
1r1708-4009,257.19528,-40.147903,2,292.5620524175936,289.1286801198239,45.04553699807465,427.31998217853544,147.84097170114518,63.19895667961628,uJy
1r1708-4009,257.19528,-40.147903,2,292.5620524175936,291.9566801198239,45.04553699807465,427.31998217853544,51.50530258759262,91.1031951650255,uJy
1r1708-4009,257.19528,-40.147903,2,295.39005241759355,286.30068011982394,45.04553699807465,427.31998217853544,673.4163566741408,45.266210898226845,uJy
1r1708-4009,257.19528,-40.147903,2,295.39005241759355,289.1286801198239,45.04553699807465,427.31998217853544,161.12129644897433,112.64905096663598,uJy
1r1708-4009,257.19528,-40.147903,2,295.39005241759355,291.9566801198239,45.04553699807465,427.31998217853544,30.21970700036884,150.10643614935043,uJy
1r1708-4009,257.19528,-40.147903,2,298.2180524175935,286.30068011982394,45.04553699807465,427.31998217853544,732.467773456812,229.47679234221374,uJy
1r1708-4009,257.19528,-40.147903,2,298.2180524175935,289.1286801198239,45.04553699807465,427.31998217853544,742.888267588085,454.43990480682055,uJy
1r1708-4009,257.19528,-40.147903,2,298.2180524175935,291.9566801198239,45.04553699807465,427.31998217853544,546.9107937675001,578.9502619664069,uJy
1r1708-4009,257.19528,-40.147903,2,292.5620524175936,286.30068011982394,82.978620785927,787.1683882236181,633.1151119000078,79.11193496609866,uJy
1r1708-4009,257.19528,-40.147903,2,292.5620524175936,289.1286801198239,82.978620785927,787.1683882236181,423.4384430114985,62.867770579396336,uJy
1r1708-4009,257.19528,-40.147903,2,292.5620524175936,291.9566801198239,82.978620785927,787.1683882236181,330.0194158890367,91.13914394103496,uJy
1r1708-4009,257.19528,-40.147903,2,295.39005241759355,286.30068011982394,82.978620785927,787.1683882236181,959.9553288009049,45.49920267401814,uJy
1r1708-4009,257.19528,-40.147903,2,295.39005241759355,289.1286801198239,82.978620785927,787.1683882236181,433.1062325063915,112.82788151760134,uJy
1r1708-4009,257.19528,-40.147903,2,295.39005241759355,291.9566801198239,82.978620785927,787.1683882236181,303.30580346703533,149.94374485448358,uJy
1r1708-4009,257.19528,-40.147903,2,298.2180524175935,286.30068011982394,82.978620785927,787.1683882236181,1014.2043795230659,229.68172711538264,uJy
1r1708-4009,257.19528,-40.147903,2,298.2180524175935,289.1286801198239,82.978620785927,787.1683882236181,1021.6136756499293,454.7974540093718,uJy
1r1708-4009,257.19528,-40.147903,2,298.2180524175935,291.9566801198239,82.978620785927,787.1683882236181,825.9708431870998,578.8705531138688,uJy
1r1708-4009,257.19528,-40.147903,3,58.107928113553896,487.56798428441317,62.019592005479616,596.2222467650781,659.9905388675005,103.72613803796624,uJy
1r1708-4009,257.19528,-40.147903,3,58.107928113553896,490.39598428441315,62.019592005479616,596.2222467650781,268.91422852162015,108.33300385509558,uJy
1r1708-4009,257.19528,-40.147903,3,58.107928113553896,493.2239842844131,62.019592005479616,596.2222467650781,8.7952867186144,124.92416887635036,uJy
1r1708-4009,257.19528,-40.147903,3,60.9359281135539,487.56798428441317,62.019592005479616,596.2222467650781,576.0178687976593,99.55281637663339,uJy
1r1708-4009,257.19528,-40.147903,3,60.9359281135539,490.39598428441315,62.019592005479616,596.2222467650781,586.8478463536717,157.0731158558384,uJy
1r1708-4009,257.19528,-40.147903,3,60.9359281135539,493.2239842844131,62.019592005479616,596.2222467650781,62.250534179414814,188.51561688289087,uJy
1r1708-4009,257.19528,-40.147903,3,63.7639281135539,487.56798428441317,62.019592005479616,596.2222467650781,303.4238509377242,218.30675627200287,uJy
1r1708-4009,257.19528,-40.147903,3,63.7639281135539,490.39598428441315,62.019592005479616,596.2222467650781,623.702892241931,264.08166622757057,uJy
1r1708-4009,257.19528,-40.147903,3,63.7639281135539,493.2239842844131,62.019592005479616,596.2222467650781,753.9231887780719,238.73501445767943,uJy
1r1708-4009,257.19528,-40.147903,3,58.107928113553896,487.56798428441317,114.2466168521993,1098.3041387777753,962.2980491727662,103.5354954446575,uJy
1r1708-4009,257.19528,-40.147903,3,58.107928113553896,490.39598428441315,114.2466168521993,1098.3041387777753,564.606070270592,108.62400313074986,uJy
1r1708-4009,257.19528,-40.147903,3,58.107928113553896,493.2239842844131,114.2466168521993,1098.3041387777753,303.8398272763886,125.0339473080919,uJy
1r1708-4009,257.19528,-40.147903,3,60.9359281135539,487.56798428441317,114.2466168521993,1098.3041387777753,887.8057418782331,99.8096793653641,uJy
1r1708-4009,257.19528,-40.147903,3,60.9359281135539,490.39598428441315,114.2466168521993,1098.3041387777753,868.5629794888483,157.321410529836,uJy
1r1708-4009,257.19528,-40.147903,3,60.9359281135539,493.2239842844131,114.2466168521993,1098.3041387777753,383.29822758504156,188.23179722794254,uJy
1r1708-4009,257.19528,-40.147903,3,63.7639281135539,487.56798428441317,114.2466168521993,1098.3041387777753,612.0988534052879,217.89439700420405,uJy
1r1708-4009,257.19528,-40.147903,3,63.7639281135539,490.39598428441315,114.2466168521993,1098.3041387777753,908.1281540908219,264.7876778566278,uJy
1r1708-4009,257.19528,-40.147903,3,63.7639281135539,493.2239842844131,114.2466168521993,1098.3041387777753,1052.3120351767227,238.74944699023814,uJy
1r1708-4009,257.19528,-40.147903,4,292.7223182560758,283.72678779672293,26.082669344506026,269.7435756138666,-40.21576321673759,44.82594125920183,uJy
1r1708-4009,257.19528,-40.147903,4,292.7223182560758,286.5547877967229,26.082669344506026,269.7435756138666,-67.16550059598998,40.93681194376777,uJy
1r1708-4009,257.19528,-40.147903,4,292.7223182560758,289.3827877967229,26.082669344506026,269.7435756138666,-72.33699750452546,38.66670665334798,uJy
1r1708-4009,257.19528,-40.147903,4,295.5503182560758,283.72678779672293,26.082669344506026,269.7435756138666,103.66084266536808,52.189242165088466,uJy
1r1708-4009,257.19528,-40.147903,4,295.5503182560758,286.5547877967229,26.082669344506026,269.7435756138666,67.6309900187932,71.49637767864377,uJy
1r1708-4009,257.19528,-40.147903,4,295.5503182560758,289.3827877967229,26.082669344506026,269.7435756138666,18.742226770522226,71.4314172427928,uJy
1r1708-4009,257.19528,-40.147903,4,298.3783182560758,283.72678779672293,26.082669344506026,269.7435756138666,132.61286750596162,97.0519014184985,uJy
1r1708-4009,257.19528,-40.147903,4,298.3783182560758,286.5547877967229,26.082669344506026,269.7435756138666,319.00211092457687,219.22377224603528,uJy
1r1708-4009,257.19528,-40.147903,4,298.3783182560758,289.3827877967229,26.082669344506026,269.7435756138666,346.4056474863478,263.9858857342165,uJy
1r1708-4009,257.19528,-40.147903,4,292.7223182560758,283.72678779672293,48.04702247672164,496.8960603413333,70.49686779280186,45.24584254745992,uJy
1r1708-4009,257.19528,-40.147903,4,292.7223182560758,286.5547877967229,48.04702247672164,496.8960603413333,36.82441685878203,41.22803615566652,uJy
1r1708-4009,257.19528,-40.147903,4,292.7223182560758,289.3827877967229,48.04702247672164,496.8960603413333,33.93621723449104,38.961689544132206,uJy
1r1708-4009,257.19528,-40.147903,4,295.5503182560758,283.72678779672293,48.04702247672164,496.8960603413333,198.1317079487984,52.62745677001103,uJy
1r1708-4009,257.19528,-40.147903,4,295.5503182560758,286.5547877967229,48.04702247672164,496.8960603413333,178.0834978677265,71.95142035897808,uJy
1r1708-4009,257.19528,-40.147903,4,295.5503182560758,289.3827877967229,48.04702247672164,496.8960603413333,127.93615427510711,71.71420833415804,uJy
1r1708-4009,257.19528,-40.147903,4,298.3783182560758,283.72678779672293,48.04702247672164,496.8960603413333,233.6125392790186,97.42234792400467,uJy
1r1708-4009,257.19528,-40.147903,4,298.3783182560758,286.5547877967229,48.04702247672164,496.8960603413333,421.02231169488124,219.65426690829997,uJy
1r1708-4009,257.19528,-40.147903,4,298.3783182560758,289.3827877967229,48.04702247672164,496.8960603413333,453.8063901271796,264.123137516186,uJy
cx1714-3810,258.52393,-38.175251,1,402.2860347504391,432.33507823178337,72.85087622522501,694.1777868311128,485.8852721446194,65.85830633729057,uJy
cx1714-3810,258.52393,-38.175251,1,402.2860347504391,435.16307823178335,72.85087622522501,694.1777868311128,733.0640586824203,339.91930272619436,uJy
cx1714-3810,258.52393,-38.175251,1,402.2860347504391,437.9910782317833,72.85087622522501,694.1777868311128,1826.56058918471,326.63002871106085,uJy
cx1714-3810,258.52393,-38.175251,1,405.1140347504391,432.33507823178337,72.85087622522501,694.1777868311128,494.39073020108515,38.416302402012796,uJy
cx1714-3810,258.52393,-38.175251,1,405.1140347504391,435.16307823178335,72.85087622522501,694.1777868311128,528.0570227867319,182.49514244499488,uJy
cx1714-3810,258.52393,-38.175251,1,405.1140347504391,437.9910782317833,72.85087622522501,694.1777868311128,988.9975314121788,369.04102408521,uJy
cx1714-3810,258.52393,-38.175251,1,407.94203475043906,432.33507823178337,72.85087622522501,694.1777868311128,445.4283664807119,50.94060883793625,uJy
cx1714-3810,258.52393,-38.175251,1,407.94203475043906,435.16307823178335,72.85087622522501,694.1777868311128,473.5647734004376,47.07044913501587,uJy
cx1714-3810,258.52393,-38.175251,1,407.94203475043906,437.9910782317833,72.85087622522501,694.1777868311128,226.00785566426234,96.61066806844713,uJy
cx1714-3810,258.52393,-38.175251,1,402.2860347504391,432.33507823178337,134.19898252015133,1278.748554688892,923.6883637699206,65.51828061494925,uJy
cx1714-3810,258.52393,-38.175251,1,402.2860347504391,435.16307823178335,134.19898252015133,1278.748554688892,1187.8372069360223,339.57840417472016,uJy
cx1714-3810,258.52393,-38.175251,1,402.2860347504391,437.9910782317833,134.19898252015133,1278.748554688892,2272.959104937371,326.5179400422257,uJy
cx1714-3810,258.52393,-38.175251,1,405.1140347504391,432.33507823178337,134.19898252015133,1278.748554688892,923.7824753999944,38.117838254577,uJy
cx1714-3810,258.52393,-38.175251,1,405.1140347504391,435.16307823178335,134.19898252015133,1278.748554688892,989.4310268045404,182.35995667058538,uJy
cx1714-3810,258.52393,-38.175251,1,405.1140347504391,437.9910782317833,134.19898252015133,1278.748554688892,1445.3887740336825,369.36013791260996,uJy
cx1714-3810,258.52393,-38.175251,1,407.94203475043906,432.33507823178337,134.19898252015133,1278.748554688892,902.007703932915,51.38213113517613,uJy
cx1714-3810,258.52393,-38.175251,1,407.94203475043906,435.16307823178335,134.19898252015133,1278.748554688892,935.1471131808032,47.490426404067485,uJy
cx1714-3810,258.52393,-38.175251,1,407.94203475043906,437.9910782317833,134.19898252015133,1278.748554688892,680.8549636345846,96.62853740504927,uJy
cx1714-3810,258.52393,-38.175251,2,209.227770965903,448.91236402354195,30.328182550728688,287.70527094923267,184.03500256115498,41.89708607971313,uJy
cx1714-3810,258.52393,-38.175251,2,209.227770965903,451.74036402354193,30.328182550728688,287.70527094923267,253.7636758212686,218.90781427927382,uJy
cx1714-3810,258.52393,-38.175251,2,209.227770965903,454.5683640235419,30.328182550728688,287.70527094923267,1204.9518739651874,193.988023549753,uJy
cx1714-3810,258.52393,-38.175251,2,212.055770965903,448.91236402354195,30.328182550728688,287.70527094923267,192.3425881916881,34.327506241833404,uJy
cx1714-3810,258.52393,-38.175251,2,212.055770965903,451.74036402354193,30.328182550728688,287.70527094923267,269.8027841900975,75.78678053083978,uJy
cx1714-3810,258.52393,-38.175251,2,212.055770965903,454.5683640235419,30.328182550728688,287.70527094923267,439.13399693524843,325.5694835058473,uJy
cx1714-3810,258.52393,-38.175251,2,214.883770965903,448.91236402354195,30.328182550728688,287.70527094923267,32.85066521640719,27.682104488043116,uJy
cx1714-3810,258.52393,-38.175251,2,214.883770965903,451.74036402354193,30.328182550728688,287.70527094923267,147.50080993659353,44.80432589307907,uJy
cx1714-3810,258.52393,-38.175251,2,214.883770965903,454.5683640235419,30.328182550728688,287.70527094923267,40.516350839054596,81.8287012114602,uJy
cx1714-3810,258.52393,-38.175251,2,209.227770965903,448.91236402354195,55.867704698710746,529.9833938538497,370.1766604056001,41.895802576669865,uJy
cx1714-3810,258.52393,-38.175251,2,209.227770965903,451.74036402354193,55.867704698710746,529.9833938538497,442.5637583795548,218.86903489219512,uJy
cx1714-3810,258.52393,-38.175251,2,209.227770965903,454.5683640235419,55.867704698710746,529.9833938538497,1393.135967461652,193.99902242446072,uJy
cx1714-3810,258.52393,-38.175251,2,212.055770965903,448.91236402354195,55.867704698710746,529.9833938538497,376.82348360825785,34.32683965338462,uJy
cx1714-3810,258.52393,-38.175251,2,212.055770965903,451.74036402354193,55.867704698710746,529.9833938538497,460.0234724900172,75.85924112890827,uJy
cx1714-3810,258.52393,-38.175251,2,212.055770965903,454.5683640235419,55.867704698710746,529.9833938538497,625.7313169477821,325.6113372462941,uJy
cx1714-3810,258.52393,-38.175251,2,214.883770965903,448.91236402354195,55.867704698710746,529.9833938538497,222.21070980659727,27.85643636702567,uJy
cx1714-3810,258.52393,-38.175251,2,214.883770965903,451.74036402354193,55.867704698710746,529.9833938538497,339.73715813843165,44.809231421387594,uJy
cx1714-3810,258.52393,-38.175251,2,214.883770965903,454.5683640235419,55.867704698710746,529.9833938538497,224.70201494151954,81.81785650596254,uJy
cx1714-3810,258.52393,-38.175251,3,389.86618036077266,434.40874308336896,46.50856094209233,447.10772518875757,3.2742072259915997,122.58393322714686,uJy
cx1714-3810,258.52393,-38.175251,3,389.86618036077266,437.23674308336894,46.50856094209233,447.10772518875757,248.10554750029746,186.08325119771916,uJy
cx1714-3810,258.52393,-38.175251,3,389.86618036077266,440.0647430833689,46.50856094209233,447.10772518875757,495.3106902419044,172.52958108140257,uJy
cx1714-3810,258.52393,-38.175251,3,392.69418036077263,434.40874308336896,46.50856094209233,447.10772518875757,184.44758944150584,131.8346724355686,uJy
cx1714-3810,258.52393,-38.175251,3,392.69418036077263,437.23674308336894,46.50856094209233,447.10772518875757,216.5449963390768,116.90421370728527,uJy
cx1714-3810,258.52393,-38.175251,3,392.69418036077263,440.0647430833689,46.50856094209233,447.10772518875757,433.7296846504645,176.64332100232394,uJy
cx1714-3810,258.52393,-38.175251,3,395.5221803607726,434.40874308336896,46.50856094209233,447.10772518875757,956.3591843248644,100.87030328595993,uJy
cx1714-3810,258.52393,-38.175251,3,395.5221803607726,437.23674308336894,46.50856094209233,447.10772518875757,353.0342920279412,105.04271306752554,uJy
cx1714-3810,258.52393,-38.175251,3,395.5221803607726,440.0647430833689,46.50856094209233,447.10772518875757,-5.224802552665025,101.30228505834252,uJy
cx1714-3810,258.52393,-38.175251,3,389.86618036077266,434.40874308336896,85.67366489332798,823.619493768764,247.61167124541478,122.45078247074396,uJy
cx1714-3810,258.52393,-38.175251,3,389.86618036077266,437.23674308336894,85.67366489332798,823.619493768764,470.69518270848846,185.4954423602142,uJy
cx1714-3810,258.52393,-38.175251,3,389.86618036077266,440.0647430833689,85.67366489332798,823.619493768764,690.1953873428766,172.30703920336762,uJy
cx1714-3810,258.52393,-38.175251,3,392.69418036077263,434.40874308336896,85.67366489332798,823.619493768764,416.80177711996436,131.96550963408697,uJy
cx1714-3810,258.52393,-38.175251,3,392.69418036077263,437.23674308336894,85.67366489332798,823.619493768764,442.0254848635033,116.32814228718628,uJy
cx1714-3810,258.52393,-38.175251,3,392.69418036077263,440.0647430833689,85.67366489332798,823.619493768764,645.1195762159674,176.43388784034792,uJy
cx1714-3810,258.52393,-38.175251,3,395.5221803607726,434.40874308336896,85.67366489332798,823.619493768764,1181.683280814872,101.20443747972377,uJy
cx1714-3810,258.52393,-38.175251,3,395.5221803607726,437.23674308336894,85.67366489332798,823.619493768764,588.2610895414987,105.18293191992723,uJy
cx1714-3810,258.52393,-38.175251,3,395.5221803607726,440.0647430833689,85.67366489332798,823.619493768764,209.17296380087288,101.3489500302111,uJy
cx1714-3810,258.52393,-38.175251,4,209.37792197946456,445.991113891241,95.97844931933322,992.5966456621328,650.2151200718761,315.2622887889484,uJy
cx1714-3810,258.52393,-38.175251,4,209.37792197946456,448.819113891241,95.97844931933322,992.5966456621328,93.47075527568535,314.55260566078897,uJy
cx1714-3810,258.52393,-38.175251,4,209.37792197946456,451.64711389124096,95.97844931933322,992.5966456621328,450.43768022664386,213.64785962468056,uJy
cx1714-3810,258.52393,-38.175251,4,212.20592197946456,445.991113891241,95.97844931933322,992.5966456621328,1614.5889607020042,314.13430631289657,uJy
cx1714-3810,258.52393,-38.175251,4,212.20592197946456,448.819113891241,95.97844931933322,992.5966456621328,775.4189142086141,262.66536246065976,uJy
cx1714-3810,258.52393,-38.175251,4,212.20592197946456,451.64711389124096,95.97844931933322,992.5966456621328,617.5228284067906,176.05716650648154,uJy
cx1714-3810,258.52393,-38.175251,4,215.03392197946457,445.991113891241,95.97844931933322,992.5966456621328,1451.8891799719263,295.12961945149306,uJy
cx1714-3810,258.52393,-38.175251,4,215.03392197946457,448.819113891241,95.97844931933322,992.5966456621328,1360.9888836712691,203.26506044445773,uJy
cx1714-3810,258.52393,-38.175251,4,215.03392197946457,451.64711389124096,95.97844931933322,992.5966456621328,977.4139815479411,71.08951813109836,uJy
cx1714-3810,258.52393,-38.175251,4,209.37792197946456,445.991113891241,176.802406640877,1828.467505167087,1004.1448875103321,316.5978287836508,uJy
cx1714-3810,258.52393,-38.175251,4,209.37792197946456,448.819113891241,176.802406640877,1828.467505167087,448.08366233229793,315.30160845074926,uJy
cx1714-3810,258.52393,-38.175251,4,209.37792197946456,451.64711389124096,176.802406640877,1828.467505167087,872.3062196264481,214.00415014907605,uJy
cx1714-3810,258.52393,-38.175251,4,212.20592197946456,445.991113891241,176.802406640877,1828.467505167087,1964.319795431488,315.4741518719075,uJy
cx1714-3810,258.52393,-38.175251,4,212.20592197946456,448.819113891241,176.802406640877,1828.467505167087,1160.5775987466066,263.98698488830024,uJy
cx1714-3810,258.52393,-38.175251,4,212.20592197946456,451.64711389124096,176.802406640877,1828.467505167087,1001.824378859093,177.59297688857438,uJy
cx1714-3810,258.52393,-38.175251,4,215.03392197946457,445.991113891241,176.802406640877,1828.467505167087,1844.480669258782,296.02721269202755,uJy
cx1714-3810,258.52393,-38.175251,4,215.03392197946457,448.819113891241,176.802406640877,1828.467505167087,1750.34002839456,205.245697423021,uJy
cx1714-3810,258.52393,-38.175251,4,215.03392197946457,451.64711389124096,176.802406640877,1828.467505167087,1384.045490485968,72.85948112297086,uJy
sg1745-2900,266.41733,-29.008284,1,506.0765987009879,336.925273287325,300.8363929488917,2866.5947793117525,2358.652661693031,836.1683826601247,uJy
sg1745-2900,266.41733,-29.008284,1,506.0765987009879,339.753273287325,300.8363929488917,2866.5947793117525,-379.45195010068363,797.5092273941681,uJy
sg1745-2900,266.41733,-29.008284,1,506.0765987009879,342.58127328732496,300.8363929488917,2866.5947793117525,3501.941334498525,1255.6502322809085,uJy
sg1745-2900,266.41733,-29.008284,1,508.9045987009879,336.925273287325,300.8363929488917,2866.5947793117525,2856.618715626709,589.2125705564798,uJy
sg1745-2900,266.41733,-29.008284,1,508.9045987009879,339.753273287325,300.8363929488917,2866.5947793117525,-1644.3040767538548,751.4503124903554,uJy
sg1745-2900,266.41733,-29.008284,1,508.9045987009879,342.58127328732496,300.8363929488917,2866.5947793117525,2159.5063907148133,1275.0697500168699,uJy
sg1745-2900,266.41733,-29.008284,1,511.73259870098786,336.925273287325,300.8363929488917,2866.5947793117525,3527.823057116121,716.3704251869744,uJy
sg1745-2900,266.41733,-29.008284,1,511.73259870098786,339.753273287325,300.8363929488917,2866.5947793117525,1890.3305730191992,748.3093843300712,uJy
sg1745-2900,266.41733,-29.008284,1,511.73259870098786,342.58127328732496,300.8363929488917,2866.5947793117525,-269.1477247299906,1039.3275139747325,uJy
sg1745-2900,266.41733,-29.008284,1,506.0765987009879,336.925273287325,554.17230280059,5280.569330311123,4264.385066006686,835.9679440012063,uJy
sg1745-2900,266.41733,-29.008284,1,506.0765987009879,339.753273287325,554.17230280059,5280.569330311123,1492.8910366686155,794.6146130491082,uJy
sg1745-2900,266.41733,-29.008284,1,506.0765987009879,342.58127328732496,554.17230280059,5280.569330311123,5404.35239233587,1253.9346320630593,uJy
sg1745-2900,266.41733,-29.008284,1,508.9045987009879,336.925273287325,554.17230280059,5280.569330311123,4731.681341395006,589.8912611367657,uJy
sg1745-2900,266.41733,-29.008284,1,508.9045987009879,339.753273287325,554.17230280059,5280.569330311123,187.7255178704113,749.1018505878487,uJy
sg1745-2900,266.41733,-29.008284,1,508.9045987009879,342.58127328732496,554.17230280059,5280.569330311123,4076.060854633302,1273.995896766171,uJy
sg1745-2900,266.41733,-29.008284,1,511.73259870098786,336.925273287325,554.17230280059,5280.569330311123,5380.789576074723,720.3073614405243,uJy
sg1745-2900,266.41733,-29.008284,1,511.73259870098786,339.753273287325,554.17230280059,5280.569330311123,3769.9507815033944,750.088868893014,uJy
sg1745-2900,266.41733,-29.008284,1,511.73259870098786,342.58127328732496,554.17230280059,5280.569330311123,1618.3262517077476,1039.9219238584762,uJy
sg1745-2900,266.41733,-29.008284,3,538.747800130065,512.7291264249249,nan,nan,nan,nan,uJy
sg1745-2900,266.41733,-29.008284,3,538.747800130065,515.5571264249248,nan,nan,nan,nan,uJy
sg1745-2900,266.41733,-29.008284,3,538.747800130065,518.3851264249248,nan,nan,nan,nan,uJy
sg1745-2900,266.41733,-29.008284,3,541.575800130065,512.7291264249249,nan,nan,nan,nan,uJy
sg1745-2900,266.41733,-29.008284,3,541.575800130065,515.5571264249248,nan,nan,nan,nan,uJy
sg1745-2900,266.41733,-29.008284,3,541.575800130065,518.3851264249248,nan,nan,nan,nan,uJy
sg1745-2900,266.41733,-29.008284,3,544.403800130065,512.7291264249249,nan,nan,nan,nan,uJy
sg1745-2900,266.41733,-29.008284,3,544.403800130065,515.5571264249248,nan,nan,nan,nan,uJy
sg1745-2900,266.41733,-29.008284,3,544.403800130065,518.3851264249248,nan,nan,nan,nan,uJy
sg1745-2900,266.41733,-29.008284,3,538.747800130065,512.7291264249249,nan,nan,nan,nan,uJy
sg1745-2900,266.41733,-29.008284,3,538.747800130065,515.5571264249248,nan,nan,nan,nan,uJy
sg1745-2900,266.41733,-29.008284,3,538.747800130065,518.3851264249248,nan,nan,nan,nan,uJy
sg1745-2900,266.41733,-29.008284,3,541.575800130065,512.7291264249249,nan,nan,nan,nan,uJy
sg1745-2900,266.41733,-29.008284,3,541.575800130065,515.5571264249248,nan,nan,nan,nan,uJy
sg1745-2900,266.41733,-29.008284,3,541.575800130065,518.3851264249248,nan,nan,nan,nan,uJy
sg1745-2900,266.41733,-29.008284,3,544.403800130065,512.7291264249249,nan,nan,nan,nan,uJy
sg1745-2900,266.41733,-29.008284,3,544.403800130065,515.5571264249248,nan,nan,nan,nan,uJy
sg1745-2900,266.41733,-29.008284,3,544.403800130065,518.3851264249248,nan,nan,nan,nan,uJy
sg1745-2900,266.41733,-29.008284,4,442.91351856375076,533.827803475673,nan,nan,nan,nan,uJy
sg1745-2900,266.41733,-29.008284,4,442.91351856375076,536.655803475673,nan,nan,nan,nan,uJy
sg1745-2900,266.41733,-29.008284,4,442.91351856375076,539.483803475673,nan,nan,nan,nan,uJy
sg1745-2900,266.41733,-29.008284,4,445.74151856375073,533.827803475673,nan,nan,nan,nan,uJy
sg1745-2900,266.41733,-29.008284,4,445.74151856375073,536.655803475673,nan,nan,nan,nan,uJy
sg1745-2900,266.41733,-29.008284,4,445.74151856375073,539.483803475673,nan,nan,nan,nan,uJy
sg1745-2900,266.41733,-29.008284,4,448.5695185637507,533.827803475673,nan,nan,nan,nan,uJy
sg1745-2900,266.41733,-29.008284,4,448.5695185637507,536.655803475673,nan,nan,nan,nan,uJy
sg1745-2900,266.41733,-29.008284,4,448.5695185637507,539.483803475673,nan,nan,nan,nan,uJy
sg1745-2900,266.41733,-29.008284,4,442.91351856375076,533.827803475673,nan,nan,nan,nan,uJy
sg1745-2900,266.41733,-29.008284,4,442.91351856375076,536.655803475673,nan,nan,nan,nan,uJy
sg1745-2900,266.41733,-29.008284,4,442.91351856375076,539.483803475673,nan,nan,nan,nan,uJy
sg1745-2900,266.41733,-29.008284,4,445.74151856375073,533.827803475673,nan,nan,nan,nan,uJy
sg1745-2900,266.41733,-29.008284,4,445.74151856375073,536.655803475673,nan,nan,nan,nan,uJy
sg1745-2900,266.41733,-29.008284,4,445.74151856375073,539.483803475673,nan,nan,nan,nan,uJy
sg1745-2900,266.41733,-29.008284,4,448.5695185637507,533.827803475673,nan,nan,nan,nan,uJy
sg1745-2900,266.41733,-29.008284,4,448.5695185637507,536.655803475673,nan,nan,nan,nan,uJy
sg1745-2900,266.41733,-29.008284,4,448.5695185637507,539.483803475673,nan,nan,nan,nan,uJy
sg1806-20,272.16391,-20.41107,1,353.3608875589354,393.72247020774284,1018.706936868088,9707.003724681794,7972.746026932375,2006.1585767332629,uJy
sg1806-20,272.16391,-20.41107,1,353.3608875589354,396.5504702077428,1018.706936868088,9707.003724681794,15506.053101691381,488.25624351596593,uJy
sg1806-20,272.16391,-20.41107,1,353.3608875589354,399.3784702077428,1018.706936868088,9707.003724681794,18384.286899545343,351.2827477954567,uJy
sg1806-20,272.16391,-20.41107,1,356.1888875589354,393.72247020774284,1018.706936868088,9707.003724681794,4768.470206032544,1105.2615986799092,uJy
sg1806-20,272.16391,-20.41107,1,356.1888875589354,396.5504702077428,1018.706936868088,9707.003724681794,4164.99299648054,2560.625011204329,uJy
sg1806-20,272.16391,-20.41107,1,356.1888875589354,399.3784702077428,1018.706936868088,9707.003724681794,10040.363380363082,4610.719955436049,uJy
sg1806-20,272.16391,-20.41107,1,359.01688755893537,393.72247020774284,1018.706936868088,9707.003724681794,8913.103768398689,3174.8612991627006,uJy
sg1806-20,272.16391,-20.41107,1,359.01688755893537,396.5504702077428,1018.706936868088,9707.003724681794,8638.83628905058,5175.271229203742,uJy
sg1806-20,272.16391,-20.41107,1,359.01688755893537,399.3784702077428,1018.706936868088,9707.003724681794,25426.783135778125,3390.676787469693,uJy
sg1806-20,272.16391,-20.41107,1,353.3608875589354,393.72247020774284,1876.565410020162,17881.32265072962,14458.930953204634,2005.3051679937198,uJy
sg1806-20,272.16391,-20.41107,1,353.3608875589354,396.5504702077428,1876.565410020162,17881.32265072962,21837.23967593417,495.70291870228067,uJy
sg1806-20,272.16391,-20.41107,1,353.3608875589354,399.3784702077428,1876.565410020162,17881.32265072962,24803.202063163968,365.4072249011084,uJy
sg1806-20,272.16391,-20.41107,1,356.1888875589354,393.72247020774284,1876.565410020162,17881.32265072962,11290.146252084376,1107.7820227147852,uJy
sg1806-20,272.16391,-20.41107,1,356.1888875589354,396.5504702077428,1876.565410020162,17881.32265072962,10518.500708786623,2566.1881586034683,uJy
sg1806-20,272.16391,-20.41107,1,356.1888875589354,399.3784702077428,1876.565410020162,17881.32265072962,16468.01120817952,4616.948491315047,uJy
sg1806-20,272.16391,-20.41107,1,359.01688755893537,393.72247020774284,1876.565410020162,17881.32265072962,15344.182672059462,3177.5720712274688,uJy
sg1806-20,272.16391,-20.41107,1,359.01688755893537,396.5504702077428,1876.565410020162,17881.32265072962,14832.194222473652,5185.38961001828,uJy
sg1806-20,272.16391,-20.41107,1,359.01688755893537,399.3784702077428,1876.565410020162,17881.32265072962,31858.528937427254,3399.91768043129,uJy
sg1806-20,272.16391,-20.41107,2,326.6005172180683,411.77293864626813,991.5301407750721,9406.051527448646,9424.919894259121,2346.402925396152,uJy
sg1806-20,272.16391,-20.41107,2,326.6005172180683,414.6009386462681,991.5301407750721,9406.051527448646,17899.876876265578,401.5257773462077,uJy
sg1806-20,272.16391,-20.41107,2,326.6005172180683,417.4289386462681,991.5301407750721,9406.051527448646,20087.031089039232,312.4248831024222,uJy
sg1806-20,272.16391,-20.41107,2,329.4285172180683,411.77293864626813,991.5301407750721,9406.051527448646,3478.9979221370227,1122.211069524159,uJy
sg1806-20,272.16391,-20.41107,2,329.4285172180683,414.6009386462681,991.5301407750721,9406.051527448646,3816.307915964509,2483.4220072134635,uJy
sg1806-20,272.16391,-20.41107,2,329.4285172180683,417.4289386462681,991.5301407750721,9406.051527448646,10319.581579405929,3972.872343142306,uJy
sg1806-20,272.16391,-20.41107,2,332.25651721806827,411.77293864626813,991.5301407750721,9406.051527448646,6450.645721684361,2876.2275352557376,uJy
sg1806-20,272.16391,-20.41107,2,332.25651721806827,414.6009386462681,991.5301407750721,9406.051527448646,6605.184398394085,4496.955201302958,uJy
sg1806-20,272.16391,-20.41107,2,332.25651721806827,417.4289386462681,991.5301407750721,9406.051527448646,20794.310208326653,3523.982736706833,uJy
sg1806-20,272.16391,-20.41107,2,326.6005172180683,411.77293864626813,1826.5028909014486,17326.937024247505,15558.336422989561,2346.4699651330884,uJy
sg1806-20,272.16391,-20.41107,2,326.6005172180683,414.6009386462681,1826.5028909014486,17326.937024247505,24033.42719956761,408.80153716491736,uJy
sg1806-20,272.16391,-20.41107,2,326.6005172180683,417.4289386462681,1826.5028909014486,17326.937024247505,26351.68004929581,323.8525422407729,uJy
sg1806-20,272.16391,-20.41107,2,329.4285172180683,411.77293864626813,1826.5028909014486,17326.937024247505,9807.013352044918,1125.3251213169735,uJy
sg1806-20,272.16391,-20.41107,2,329.4285172180683,414.6009386462681,1826.5028909014486,17326.937024247505,10009.034288866425,2490.518776894715,uJy
sg1806-20,272.16391,-20.41107,2,329.4285172180683,417.4289386462681,1826.5028909014486,17326.937024247505,16665.0722965673,3974.9458482227233,uJy
sg1806-20,272.16391,-20.41107,2,332.25651721806827,411.77293864626813,1826.5028909014486,17326.937024247505,12564.524657266045,2879.402303462418,uJy
sg1806-20,272.16391,-20.41107,2,332.25651721806827,414.6009386462681,1826.5028909014486,17326.937024247505,12859.84640115085,4503.028455394465,uJy
sg1806-20,272.16391,-20.41107,2,332.25651721806827,417.4289386462681,1826.5028909014486,17326.937024247505,27081.621129855946,3530.1920369247323,uJy
sg1806-20,272.16391,-20.41107,3,321.7559410471678,324.5442912145155,nan,nan,nan,nan,uJy
sg1806-20,272.16391,-20.41107,3,321.7559410471678,327.3722912145155,nan,nan,nan,nan,uJy
sg1806-20,272.16391,-20.41107,3,321.7559410471678,330.20029121451546,nan,nan,nan,nan,uJy
sg1806-20,272.16391,-20.41107,3,324.5839410471678,324.5442912145155,nan,nan,nan,nan,uJy
sg1806-20,272.16391,-20.41107,3,324.5839410471678,327.3722912145155,nan,nan,nan,nan,uJy
sg1806-20,272.16391,-20.41107,3,324.5839410471678,330.20029121451546,nan,nan,nan,nan,uJy
sg1806-20,272.16391,-20.41107,3,327.4119410471678,324.5442912145155,nan,nan,nan,nan,uJy
sg1806-20,272.16391,-20.41107,3,327.4119410471678,327.3722912145155,nan,nan,nan,nan,uJy
sg1806-20,272.16391,-20.41107,3,327.4119410471678,330.20029121451546,nan,nan,nan,nan,uJy
sg1806-20,272.16391,-20.41107,3,321.7559410471678,324.5442912145155,nan,nan,nan,nan,uJy
sg1806-20,272.16391,-20.41107,3,321.7559410471678,327.3722912145155,nan,nan,nan,nan,uJy
sg1806-20,272.16391,-20.41107,3,321.7559410471678,330.20029121451546,nan,nan,nan,nan,uJy
sg1806-20,272.16391,-20.41107,3,324.5839410471678,324.5442912145155,nan,nan,nan,nan,uJy
sg1806-20,272.16391,-20.41107,3,324.5839410471678,327.3722912145155,nan,nan,nan,nan,uJy
sg1806-20,272.16391,-20.41107,3,324.5839410471678,330.20029121451546,nan,nan,nan,nan,uJy
sg1806-20,272.16391,-20.41107,3,327.4119410471678,324.5442912145155,nan,nan,nan,nan,uJy
sg1806-20,272.16391,-20.41107,3,327.4119410471678,327.3722912145155,nan,nan,nan,nan,uJy
sg1806-20,272.16391,-20.41107,3,327.4119410471678,330.20029121451546,nan,nan,nan,nan,uJy
xt1810-197,272.46286,-19.731092,1,599.8445055950259,499.18354259559953,9.09964706598372,86.70826197999239,-55.404149629311874,20.68070829647778,uJy
xt1810-197,272.46286,-19.731092,1,599.8445055950259,502.0115425955995,9.09964706598372,86.70826197999239,21.167690190872527,49.99147624713524,uJy
xt1810-197,272.46286,-19.731092,1,599.8445055950259,504.8395425955995,9.09964706598372,86.70826197999239,213.2478984992736,129.3604995891175,uJy
xt1810-197,272.46286,-19.731092,1,602.6725055950259,499.18354259559953,9.09964706598372,86.70826197999239,26.470040100272747,9.294215648598902,uJy
xt1810-197,272.46286,-19.731092,1,602.6725055950259,502.0115425955995,9.09964706598372,86.70826197999239,35.43624414240505,22.76828470047043,uJy
xt1810-197,272.46286,-19.731092,1,602.6725055950259,504.8395425955995,9.09964706598372,86.70826197999239,90.8536262224149,143.67705089856304,uJy
xt1810-197,272.46286,-19.731092,1,605.5005055950259,499.18354259559953,9.09964706598372,86.70826197999239,96.31871166632803,10.334080521066843,uJy
xt1810-197,272.46286,-19.731092,1,605.5005055950259,502.0115425955995,9.09964706598372,86.70826197999239,27.448786486698083,16.014795396120068,uJy
xt1810-197,272.46286,-19.731092,1,605.5005055950259,504.8395425955995,9.09964706598372,86.70826197999239,82.53527975527571,46.03856490488419,uJy
xt1810-197,272.46286,-19.731092,1,599.8445055950259,499.18354259559953,16.762507753127906,159.72574575261757,1.1808828279236332,20.58811269304872,uJy
xt1810-197,272.46286,-19.731092,1,599.8445055950259,502.0115425955995,16.762507753127906,159.72574575261757,76.2469566539966,49.91796979021738,uJy
xt1810-197,272.46286,-19.731092,1,599.8445055950259,504.8395425955995,16.762507753127906,159.72574575261757,270.96975238025306,129.325975048228,uJy
xt1810-197,272.46286,-19.731092,1,602.6725055950259,499.18354259559953,16.762507753127906,159.72574575261757,84.17225503580994,9.288319812354558,uJy
xt1810-197,272.46286,-19.731092,1,602.6725055950259,502.0115425955995,16.762507753127906,159.72574575261757,93.33688643358008,22.72884853806277,uJy
xt1810-197,272.46286,-19.731092,1,602.6725055950259,504.8395425955995,16.762507753127906,159.72574575261757,142.8607771623228,143.67055820616514,uJy
xt1810-197,272.46286,-19.731092,1,605.5005055950259,499.18354259559953,16.762507753127906,159.72574575261757,152.56820013288527,10.279473885058392,uJy
xt1810-197,272.46286,-19.731092,1,605.5005055950259,502.0115425955995,16.762507753127906,159.72574575261757,85.21635994672019,15.940601704263106,uJy
xt1810-197,272.46286,-19.731092,1,605.5005055950259,504.8395425955995,16.762507753127906,159.72574575261757,139.65385840472882,46.05207892340712,uJy
xt1810-197,272.46286,-19.731092,3,358.6497551573974,528.3780468478504,18.228585967866483,175.23959977278605,279.7657179865467,41.78058242995654,uJy
xt1810-197,272.46286,-19.731092,3,358.6497551573974,531.2060468478504,18.228585967866483,175.23959977278605,-111.29490255227537,40.04710212018797,uJy
xt1810-197,272.46286,-19.731092,3,358.6497551573974,534.0340468478504,18.228585967866483,175.23959977278605,-234.8410479809687,42.98558394194942,uJy
xt1810-197,272.46286,-19.731092,3,361.4777551573974,528.3780468478504,18.228585967866483,175.23959977278605,-22.00331715920456,37.767420772305655,uJy
xt1810-197,272.46286,-19.731092,3,361.4777551573974,531.2060468478504,18.228585967866483,175.23959977278605,-222.46859544037468,46.0531467590524,uJy
xt1810-197,272.46286,-19.731092,3,361.4777551573974,534.0340468478504,18.228585967866483,175.23959977278605,-45.11901705329307,83.60387307849582,uJy
xt1810-197,272.46286,-19.731092,3,364.30575515739736,528.3780468478504,18.228585967866483,175.23959977278605,-96.77725323146112,69.1176761904717,uJy
xt1810-197,272.46286,-19.731092,3,364.30575515739736,531.2060468478504,18.228585967866483,175.23959977278605,-202.29894532118917,85.32282307463227,uJy
xt1810-197,272.46286,-19.731092,3,364.30575515739736,534.0340468478504,18.228585967866483,175.23959977278605,137.55410533006005,82.09503259264673,uJy
xt1810-197,272.46286,-19.731092,3,358.6497551573974,528.3780468478504,33.57897415133299,322.8097890551322,349.2183344460212,41.78103143517656,uJy
xt1810-197,272.46286,-19.731092,3,358.6497551573974,531.2060468478504,33.57897415133299,322.8097890551322,-21.348212338835747,40.080077975257495,uJy
xt1810-197,272.46286,-19.731092,3,358.6497551573974,534.0340468478504,33.57897415133299,322.8097890551322,-153.4595640868418,42.986478398022115,uJy
xt1810-197,272.46286,-19.731092,3,361.4777551573974,528.3780468478504,33.57897415133299,322.8097890551322,66.11695574329272,37.71275081192575,uJy
xt1810-197,272.46286,-19.731092,3,361.4777551573974,531.2060468478504,33.57897415133299,322.8097890551322,-137.32463494070137,46.03445805998989,uJy
xt1810-197,272.46286,-19.731092,3,361.4777551573974,534.0340468478504,33.57897415133299,322.8097890551322,34.976714638799805,83.6077839452888,uJy
xt1810-197,272.46286,-19.731092,3,364.30575515739736,528.3780468478504,33.57897415133299,322.8097890551322,-0.7642055369338021,69.18895574316542,uJy
xt1810-197,272.46286,-19.731092,3,364.30575515739736,531.2060468478504,33.57897415133299,322.8097890551322,-107.83163056374966,85.06994362334765,uJy
xt1810-197,272.46286,-19.731092,3,364.30575515739736,534.0340468478504,33.57897415133299,322.8097890551322,223.29446998948288,82.24307774594374,uJy
xt1810-197,272.46286,-19.731092,4,294.1298411520916,290.26988481656883,36.09628321659002,373.3030685091559,579.5709099212444,95.26795306197032,uJy
xt1810-197,272.46286,-19.731092,4,294.1298411520916,293.0978848165688,36.09628321659002,373.3030685091559,-221.42956080237602,93.47546492753042,uJy
xt1810-197,272.46286,-19.731092,4,294.1298411520916,295.9258848165688,36.09628321659002,373.3030685091559,-738.5010074815756,72.81689572210296,uJy
xt1810-197,272.46286,-19.731092,4,296.9578411520916,290.26988481656883,36.09628321659002,373.3030685091559,-45.13563648140007,92.76759440443104,uJy
xt1810-197,272.46286,-19.731092,4,296.9578411520916,293.0978848165688,36.09628321659002,373.3030685091559,-421.59611338954585,98.11617946052273,uJy
xt1810-197,272.46286,-19.731092,4,296.9578411520916,295.9258848165688,36.09628321659002,373.3030685091559,-26.03508059928021,118.29779997914159,uJy
xt1810-197,272.46286,-19.731092,4,299.78584115209156,290.26988481656883,36.09628321659002,373.3030685091559,-150.0468317400885,139.98823952454518,uJy
xt1810-197,272.46286,-19.731092,4,299.78584115209156,293.0978848165688,36.09628321659002,373.3030685091559,121.00844331054705,146.897424974069,uJy
xt1810-197,272.46286,-19.731092,4,299.78584115209156,295.9258848165688,36.09628321659002,373.3030685091559,177.2223985223726,147.06930707388588,uJy
xt1810-197,272.46286,-19.731092,4,294.1298411520916,290.26988481656883,66.49315329371845,687.6635472537082,714.0991313775584,95.06089808738786,uJy
xt1810-197,272.46286,-19.731092,4,294.1298411520916,293.0978848165688,66.49315329371845,687.6635472537082,-115.07204502740132,93.43786446970701,uJy
xt1810-197,272.46286,-19.731092,4,294.1298411520916,295.9258848165688,66.49315329371845,687.6635472537082,-591.0753635956443,72.80299170029616,uJy
xt1810-197,272.46286,-19.731092,4,296.9578411520916,290.26988481656883,66.49315329371845,687.6635472537082,82.86757627039479,92.89178209798838,uJy
xt1810-197,272.46286,-19.731092,4,296.9578411520916,293.0978848165688,66.49315329371845,687.6635472537082,-285.29934459164554,98.05190658139453,uJy
xt1810-197,272.46286,-19.731092,4,296.9578411520916,295.9258848165688,66.49315329371845,687.6635472537082,127.86660899196426,118.66341990062597,uJy
xt1810-197,272.46286,-19.731092,4,299.78584115209156,290.26988481656883,66.49315329371845,687.6635472537082,14.176131042740645,140.39499104681158,uJy
xt1810-197,272.46286,-19.731092,4,299.78584115209156,293.0978848165688,66.49315329371845,687.6635472537082,268.0515901040425,146.88406188458043,uJy
xt1810-197,272.46286,-19.731092,4,299.78584115209156,295.9258848165688,66.49315329371845,687.6635472537082,320.79517859081426,147.29532252155718,uJy
sw1818-1607,274.51541,-16.1255,1,164.9608604750679,511.9429796618696,149.29187384037343,1422.5649428564584,722.9030951644527,75.25165115029415,uJy
sw1818-1607,274.51541,-16.1255,1,164.9608604750679,514.7709796618695,149.29187384037343,1422.5649428564584,569.9698199041654,233.3713235017002,uJy
sw1818-1607,274.51541,-16.1255,1,164.9608604750679,517.5989796618695,149.29187384037343,1422.5649428564584,1345.8414068058437,394.4952633117706,uJy
sw1818-1607,274.51541,-16.1255,1,167.7888604750679,511.9429796618696,149.29187384037343,1422.5649428564584,890.2896563889832,94.76283233722808,uJy
sw1818-1607,274.51541,-16.1255,1,167.7888604750679,514.7709796618695,149.29187384037343,1422.5649428564584,1465.2276867181622,374.04795211913876,uJy
sw1818-1607,274.51541,-16.1255,1,167.7888604750679,517.5989796618695,149.29187384037343,1422.5649428564584,3176.884096889561,133.0225253450027,uJy
sw1818-1607,274.51541,-16.1255,1,170.6168604750679,511.9429796618696,149.29187384037343,1422.5649428564584,1113.125757796839,122.17811445027723,uJy
sw1818-1607,274.51541,-16.1255,1,170.6168604750679,514.7709796618695,149.29187384037343,1422.5649428564584,1644.1139492733312,382.8575231739413,uJy
sw1818-1607,274.51541,-16.1255,1,170.6168604750679,517.5989796618695,149.29187384037343,1422.5649428564584,3306.443357081367,88.57720165076138,uJy
sw1818-1607,274.51541,-16.1255,1,164.9608604750679,511.9429796618696,275.01134654805634,2620.514368419792,1643.6358581217194,74.9546917562468,uJy
sw1818-1607,274.51541,-16.1255,1,164.9608604750679,514.7709796618695,275.01134654805634,2620.514368419792,1500.6235158228503,233.7552739619255,uJy
sw1818-1607,274.51541,-16.1255,1,164.9608604750679,517.5989796618695,275.01134654805634,2620.514368419792,2294.7760992716812,397.3071047006478,uJy
sw1818-1607,274.51541,-16.1255,1,167.7888604750679,511.9429796618696,275.01134654805634,2620.514368419792,1815.8617080811412,94.20598861679854,uJy
sw1818-1607,274.51541,-16.1255,1,167.7888604750679,514.7709796618695,275.01134654805634,2620.514368419792,2403.6514412841575,373.8304320202737,uJy
sw1818-1607,274.51541,-16.1255,1,167.7888604750679,517.5989796618695,275.01134654805634,2620.514368419792,4122.566158224727,135.00268977933607,uJy
sw1818-1607,274.51541,-16.1255,1,170.6168604750679,511.9429796618696,275.01134654805634,2620.514368419792,2049.484581665285,121.67197922233115,uJy
sw1818-1607,274.51541,-16.1255,1,170.6168604750679,514.7709796618695,275.01134654805634,2620.514368419792,2585.9396313815287,382.51605286614677,uJy
sw1818-1607,274.51541,-16.1255,1,170.6168604750679,517.5989796618695,275.01134654805634,2620.514368419792,4217.805964326896,88.63661881064694,uJy
sw1818-1607,274.51541,-16.1255,2,383.35905409463385,410.8459364366642,151.05216802832948,1432.941286783945,1039.3097552150014,44.27059382465197,uJy
sw1818-1607,274.51541,-16.1255,2,383.35905409463385,413.6739364366642,151.05216802832948,1432.941286783945,872.7607354530812,204.6737913453661,uJy
sw1818-1607,274.51541,-16.1255,2,383.35905409463385,416.50193643666415,151.05216802832948,1432.941286783945,1398.9167133771662,319.75899894603157,uJy
sw1818-1607,274.51541,-16.1255,2,386.1870540946338,410.8459364366642,151.05216802832948,1432.941286783945,1096.9279187543157,82.01032717600691,uJy
sw1818-1607,274.51541,-16.1255,2,386.1870540946338,413.6739364366642,151.05216802832948,1432.941286783945,1383.3662680666687,376.83190645127445,uJy
sw1818-1607,274.51541,-16.1255,2,386.1870540946338,416.50193643666415,151.05216802832948,1432.941286783945,2726.963857095409,102.43661318268563,uJy
sw1818-1607,274.51541,-16.1255,2,389.0150540946338,410.8459364366642,151.05216802832948,1432.941286783945,1025.6983834906757,78.48466118512097,uJy
sw1818-1607,274.51541,-16.1255,2,389.0150540946338,413.6739364366642,151.05216802832948,1432.941286783945,1335.0611738204423,355.8084742493887,uJy
sw1818-1607,274.51541,-16.1255,2,389.0150540946338,416.50193643666415,151.05216802832948,1432.941286783945,2664.426041126156,107.68440721372698,uJy
sw1818-1607,274.51541,-16.1255,2,383.35905409463385,410.8459364366642,278.2539937363964,2639.6286861809517,1959.6084348655315,44.20984127304051,uJy
sw1818-1607,274.51541,-16.1255,2,383.35905409463385,413.6739364366642,278.2539937363964,2639.6286861809517,1804.8562147900584,204.84987586767318,uJy
sw1818-1607,274.51541,-16.1255,2,383.35905409463385,416.50193643666415,278.2539937363964,2639.6286861809517,2336.708306486726,321.44022154936897,uJy
sw1818-1607,274.51541,-16.1255,2,386.1870540946338,410.8459364366642,278.2539937363964,2639.6286861809517,2040.9207775661948,81.07095808278416,uJy
sw1818-1607,274.51541,-16.1255,2,386.1870540946338,413.6739364366642,278.2539937363964,2639.6286861809517,2348.430263044739,376.6633150052771,uJy
sw1818-1607,274.51541,-16.1255,2,386.1870540946338,416.50193643666415,278.2539937363964,2639.6286861809517,3663.42354840777,104.70440769437175,uJy
sw1818-1607,274.51541,-16.1255,2,389.0150540946338,410.8459364366642,278.2539937363964,2639.6286861809517,1984.6579764728967,77.85020556055588,uJy
sw1818-1607,274.51541,-16.1255,2,389.0150540946338,413.6739364366642,278.2539937363964,2639.6286861809517,2283.97272781868,355.48832407195516,uJy
sw1818-1607,274.51541,-16.1255,2,389.0150540946338,416.50193643666415,278.2539937363964,2639.6286861809517,3607.995319424344,108.34990752401303,uJy
sw1818-1607,274.51541,-16.1255,3,306.1746200092268,472.6200971655529,116.99466261230992,1124.7223392903109,2340.2599960286425,173.73296209348834,uJy
sw1818-1607,274.51541,-16.1255,3,306.1746200092268,475.4480971655529,116.99466261230992,1124.7223392903109,697.4575146278963,287.114796434209,uJy
sw1818-1607,274.51541,-16.1255,3,306.1746200092268,478.27609716555287,116.99466261230992,1124.7223392903109,551.0285147461832,141.9312403305137,uJy
sw1818-1607,274.51541,-16.1255,3,309.0026200092268,472.6200971655529,116.99466261230992,1124.7223392903109,2150.7579547881874,150.43425844542068,uJy
sw1818-1607,274.51541,-16.1255,3,309.0026200092268,475.4480971655529,116.99466261230992,1124.7223392903109,702.8129027314939,298.8915197773037,uJy
sw1818-1607,274.51541,-16.1255,3,309.0026200092268,478.27609716555287,116.99466261230992,1124.7223392903109,104.37938611674757,97.63514104367339,uJy
sw1818-1607,274.51541,-16.1255,3,311.8306200092268,472.6200971655529,116.99466261230992,1124.7223392903109,1103.65278105124,285.10181850946816,uJy
sw1818-1607,274.51541,-16.1255,3,311.8306200092268,475.4480971655529,116.99466261230992,1124.7223392903109,482.94923699541545,229.65619848575406,uJy
sw1818-1607,274.51541,-16.1255,3,311.8306200092268,478.27609716555287,116.99466261230992,1124.7223392903109,465.3837090893433,118.85667535102837,uJy
sw1818-1607,274.51541,-16.1255,3,306.1746200092268,472.6200971655529,215.51648375951828,2071.856940797941,2882.2815145692693,176.60970005010248,uJy
sw1818-1607,274.51541,-16.1255,3,306.1746200092268,475.4480971655529,215.51648375951828,2071.856940797941,1318.124806152639,288.9651234970585,uJy
sw1818-1607,274.51541,-16.1255,3,306.1746200092268,478.27609716555287,215.51648375951828,2071.856940797941,1050.6049403337986,141.97705741533989,uJy
sw1818-1607,274.51541,-16.1255,3,309.0026200092268,472.6200971655529,215.51648375951828,2071.856940797941,2730.7359916976548,152.02324411455805,uJy
sw1818-1607,274.51541,-16.1255,3,309.0026200092268,475.4480971655529,215.51648375951828,2071.856940797941,1329.580838042149,301.522153892519,uJy
sw1818-1607,274.51541,-16.1255,3,309.0026200092268,478.27609716555287,215.51648375951828,2071.856940797941,706.3485054271191,98.66722419581298,uJy
sw1818-1607,274.51541,-16.1255,3,311.8306200092268,472.6200971655529,215.51648375951828,2071.856940797941,1681.426897456366,283.994422087331,uJy
sw1818-1607,274.51541,-16.1255,3,311.8306200092268,475.4480971655529,215.51648375951828,2071.856940797941,1036.2334198693873,229.6750690633677,uJy
sw1818-1607,274.51541,-16.1255,3,311.8306200092268,478.27609716555287,215.51648375951828,2071.856940797941,1022.7603655043827,119.83411471772494,uJy
sw1818-1607,274.51541,-16.1255,4,128.37826592854765,486.58334448902934,105.83137771738359,1094.494350274078,716.1234738163382,186.90879872647662,uJy
sw1818-1607,274.51541,-16.1255,4,128.37826592854765,489.4113444890293,105.83137771738359,1094.494350274078,409.21490425342,217.1519961828764,uJy
sw1818-1607,274.51541,-16.1255,4,128.37826592854765,492.2393444890293,105.83137771738359,1094.494350274078,581.7525923362945,160.54009108416278,uJy
sw1818-1607,274.51541,-16.1255,4,131.20626592854765,486.58334448902934,105.83137771738359,1094.494350274078,1123.971600763267,198.39578532677234,uJy
sw1818-1607,274.51541,-16.1255,4,131.20626592854765,489.4113444890293,105.83137771738359,1094.494350274078,64.72989258060517,287.9134038725777,uJy
sw1818-1607,274.51541,-16.1255,4,131.20626592854765,492.2393444890293,105.83137771738359,1094.494350274078,157.65743498288066,181.2833250846673,uJy
sw1818-1607,274.51541,-16.1255,4,134.03426592854765,486.58334448902934,105.83137771738359,1094.494350274078,904.8859321748168,247.03096151785107,uJy
sw1818-1607,274.51541,-16.1255,4,134.03426592854765,489.4113444890293,105.83137771738359,1094.494350274078,19.703615096675012,243.84855176596577,uJy
sw1818-1607,274.51541,-16.1255,4,134.03426592854765,492.2393444890293,105.83137771738359,1094.494350274078,-256.3460876360795,124.80108067105242,uJy
sw1818-1607,274.51541,-16.1255,4,128.37826592854765,486.58334448902934,194.95253790044345,2016.1738031364594,1189.1647727343664,186.80335421171614,uJy
sw1818-1607,274.51541,-16.1255,4,128.37826592854765,489.4113444890293,194.95253790044345,2016.1738031364594,872.2159588926316,216.99957995569486,uJy
sw1818-1607,274.51541,-16.1255,4,128.37826592854765,492.2393444890293,194.95253790044345,2016.1738031364594,980.9059078771083,159.7421288477389,uJy
sw1818-1607,274.51541,-16.1255,4,131.20626592854765,486.58334448902934,194.95253790044345,2016.1738031364594,1537.9189232823276,199.4281393818107,uJy
sw1818-1607,274.51541,-16.1255,4,131.20626592854765,489.4113444890293,194.95253790044345,2016.1738031364594,514.8510925128597,287.95247074914363,uJy
sw1818-1607,274.51541,-16.1255,4,131.20626592854765,492.2393444890293,194.95253790044345,2016.1738031364594,547.3809952695198,180.8487681082962,uJy
sw1818-1607,274.51541,-16.1255,4,134.03426592854765,486.58334448902934,194.95253790044345,2016.1738031364594,1303.2335415333048,245.50053169012003,uJy
sw1818-1607,274.51541,-16.1255,4,134.03426592854765,489.4113444890293,194.95253790044345,2016.1738031364594,437.1241449357999,243.0275357113123,uJy
sw1818-1607,274.51541,-16.1255,4,134.03426592854765,492.2393444890293,194.95253790044345,2016.1738031364594,213.71258968003485,125.1685519917185,uJy
sw1822-1606,275.57498,-16.074112,1,314.38611191510665,487.82280068666887,77.04306352036014,734.1240915196317,3253.0525413436726,937.9701839191068,uJy
sw1822-1606,275.57498,-16.074112,1,314.38611191510665,490.65080068666884,77.04306352036014,734.1240915196317,4614.75954757059,949.0501144111448,uJy
sw1822-1606,275.57498,-16.074112,1,314.38611191510665,493.4788006866688,77.04306352036014,734.1240915196317,1673.9389212510457,1352.699576832993,uJy
sw1822-1606,275.57498,-16.074112,1,317.2141119151066,487.82280068666887,77.04306352036014,734.1240915196317,7691.8850701593055,250.43569282613714,uJy
sw1822-1606,275.57498,-16.074112,1,317.2141119151066,490.65080068666884,77.04306352036014,734.1240915196317,8379.04047481529,193.8665862977295,uJy
sw1822-1606,275.57498,-16.074112,1,317.2141119151066,493.4788006866688,77.04306352036014,734.1240915196317,3985.893680829909,1080.0773452510186,uJy
sw1822-1606,275.57498,-16.074112,1,320.0421119151066,487.82280068666887,77.04306352036014,734.1240915196317,8077.887507418043,201.95481223769335,uJy
sw1822-1606,275.57498,-16.074112,1,320.0421119151066,490.65080068666884,77.04306352036014,734.1240915196317,8610.162342228288,161.7006142990433,uJy
sw1822-1606,275.57498,-16.074112,1,320.0421119151066,493.4788006866688,77.04306352036014,734.1240915196317,4011.8461141174944,1254.8769428705937,uJy
sw1822-1606,275.57498,-16.074112,1,314.38611191510665,487.82280068666887,141.9214328006634,1352.3338527993214,3741.630162010482,939.1000839409792,uJy
sw1822-1606,275.57498,-16.074112,1,314.38611191510665,490.65080068666884,141.9214328006634,1352.3338527993214,5087.031333628977,949.2805018273422,uJy
sw1822-1606,275.57498,-16.074112,1,314.38611191510665,493.4788006866688,141.9214328006634,1352.3338527993214,2143.4625643918757,1352.3401256028253,uJy
sw1822-1606,275.57498,-16.074112,1,317.2141119151066,487.82280068666887,141.9214328006634,1352.3338527993214,8176.820060797837,251.40470320408926,uJy
sw1822-1606,275.57498,-16.074112,1,317.2141119151066,490.65080068666884,141.9214328006634,1352.3338527993214,8867.348705982082,194.45053289346657,uJy
sw1822-1606,275.57498,-16.074112,1,317.2141119151066,493.4788006866688,141.9214328006634,1352.3338527993214,4464.32695422194,1080.5146225442984,uJy
sw1822-1606,275.57498,-16.074112,1,320.0421119151066,487.82280068666887,141.9214328006634,1352.3338527993214,8558.099415768735,202.24049918180367,uJy
sw1822-1606,275.57498,-16.074112,1,320.0421119151066,490.65080068666884,141.9214328006634,1352.3338527993214,9096.376030116553,161.6877753993123,uJy
sw1822-1606,275.57498,-16.074112,1,320.0421119151066,493.4788006866688,141.9214328006634,1352.3338527993214,4493.27935643686,1254.6525556165552,uJy
sw1822-1606,275.57498,-16.074112,2,510.7702076149137,480.89588689624475,31.62561544469409,300.01323835454605,992.7645238652879,666.5502721097132,uJy
sw1822-1606,275.57498,-16.074112,2,510.7702076149137,483.7238868962447,31.62561544469409,300.01323835454605,4858.04334671288,143.10087804843798,uJy
sw1822-1606,275.57498,-16.074112,2,510.7702076149137,486.5518868962447,31.62561544469409,300.01323835454605,4694.300593353895,143.8219755030197,uJy
sw1822-1606,275.57498,-16.074112,2,513.5982076149137,480.89588689624475,31.62561544469409,300.01323835454605,1608.6618371794107,579.8858930466916,uJy
sw1822-1606,275.57498,-16.074112,2,513.5982076149137,483.7238868962447,31.62561544469409,300.01323835454605,4991.861356677132,79.06322640569523,uJy
sw1822-1606,275.57498,-16.074112,2,513.5982076149137,486.5518868962447,31.62561544469409,300.01323835454605,4956.94482970655,121.24198857404788,uJy
sw1822-1606,275.57498,-16.074112,2,516.4262076149137,480.89588689624475,31.62561544469409,300.01323835454605,801.4339804542334,744.152746731147,uJy
sw1822-1606,275.57498,-16.074112,2,516.4262076149137,483.7238868962447,31.62561544469409,300.01323835454605,1755.9512896719996,744.0748971786675,uJy
sw1822-1606,275.57498,-16.074112,2,516.4262076149137,486.5518868962447,31.62561544469409,300.01323835454605,1605.1211307024034,806.3331465343352,uJy
sw1822-1606,275.57498,-16.074112,2,510.7702076149137,480.89588689624475,58.25771266127859,552.6559653899533,1195.0457000956083,666.583912050279,uJy
sw1822-1606,275.57498,-16.074112,2,510.7702076149137,483.7238868962447,58.25771266127859,552.6559653899533,5052.853730816401,143.60806098492412,uJy
sw1822-1606,275.57498,-16.074112,2,510.7702076149137,486.5518868962447,58.25771266127859,552.6559653899533,4895.221978822038,143.90402717902205,uJy
sw1822-1606,275.57498,-16.074112,2,513.5982076149137,480.89588689624475,58.25771266127859,552.6559653899533,1802.745341001776,579.8302999589779,uJy
sw1822-1606,275.57498,-16.074112,2,513.5982076149137,483.7238868962447,58.25771266127859,552.6559653899533,5185.342092631323,79.16634069401476,uJy
sw1822-1606,275.57498,-16.074112,2,513.5982076149137,486.5518868962447,58.25771266127859,552.6559653899533,5152.664343257082,121.30812406359168,uJy
sw1822-1606,275.57498,-16.074112,2,516.4262076149137,480.89588689624475,58.25771266127859,552.6559653899533,991.5733972740771,744.1786391129202,uJy
sw1822-1606,275.57498,-16.074112,2,516.4262076149137,483.7238868962447,58.25771266127859,552.6559653899533,1942.6654014940148,744.1838964802996,uJy
sw1822-1606,275.57498,-16.074112,2,516.4262076149137,486.5518868962447,58.25771266127859,552.6559653899533,1798.9526058641914,806.215067718619,uJy
sw1822-1606,275.57498,-16.074112,3,301.82337330591423,489.7335831393299,44.05911295946236,423.5600794801435,721.8170372317791,483.8386274553001,uJy
sw1822-1606,275.57498,-16.074112,3,301.82337330591423,492.56158313932985,44.05911295946236,423.5600794801435,739.6391117925957,430.09394992516377,uJy
sw1822-1606,275.57498,-16.074112,3,301.82337330591423,495.38958313932983,44.05911295946236,423.5600794801435,766.2123461454987,428.0300079889168,uJy
sw1822-1606,275.57498,-16.074112,3,304.6513733059142,489.7335831393299,44.05911295946236,423.5600794801435,2509.3904718622116,139.0880832629304,uJy
sw1822-1606,275.57498,-16.074112,3,304.6513733059142,492.56158313932985,44.05911295946236,423.5600794801435,2776.882132450058,112.22173113287393,uJy
sw1822-1606,275.57498,-16.074112,3,304.6513733059142,495.38958313932983,44.05911295946236,423.5600794801435,670.4954417998888,414.88637562952226,uJy
sw1822-1606,275.57498,-16.074112,3,307.4793733059142,489.7335831393299,44.05911295946236,423.5600794801435,2415.4937589353312,138.72397041242584,uJy
sw1822-1606,275.57498,-16.074112,3,307.4793733059142,492.56158313932985,44.05911295946236,423.5600794801435,2743.3474537763855,119.57664399293098,uJy
sw1822-1606,275.57498,-16.074112,3,307.4793733059142,495.38958313932983,44.05911295946236,423.5600794801435,1139.0167882658475,400.20011112475805,uJy
sw1822-1606,275.57498,-16.074112,3,301.82337330591423,489.7335831393299,81.16152387269383,780.2422516739487,941.8491930269555,484.3496599152142,uJy
sw1822-1606,275.57498,-16.074112,3,301.82337330591423,492.56158313932985,81.16152387269383,780.2422516739487,954.5548991663129,429.7286419183427,uJy
sw1822-1606,275.57498,-16.074112,3,301.82337330591423,495.38958313932983,81.16152387269383,780.2422516739487,983.7030129123216,427.71196280068693,uJy
sw1822-1606,275.57498,-16.074112,3,304.6513733059142,489.7335831393299,81.16152387269383,780.2422516739487,2723.7719227216553,139.50822794145802,uJy
sw1822-1606,275.57498,-16.074112,3,304.6513733059142,492.56158313932985,81.16152387269383,780.2422516739487,2974.528435465044,112.93656785862358,uJy
sw1822-1606,275.57498,-16.074112,3,304.6513733059142,495.38958313932983,81.16152387269383,780.2422516739487,890.3722815947999,415.6224521920063,uJy
sw1822-1606,275.57498,-16.074112,3,307.4793733059142,489.7335831393299,81.16152387269383,780.2422516739487,2642.7942474943916,139.29790395122623,uJy
sw1822-1606,275.57498,-16.074112,3,307.4793733059142,492.56158313932985,81.16152387269383,780.2422516739487,2947.021572339582,119.88151822987794,uJy
sw1822-1606,275.57498,-16.074112,3,307.4793733059142,495.38958313932983,81.16152387269383,780.2422516739487,1340.2823441538706,400.353373269336,uJy
sw1822-1606,275.57498,-16.074112,4,121.65226656427237,501.09604137801307,38.99392976515407,403.270152420354,341.4877939332426,264.51356416881487,uJy
sw1822-1606,275.57498,-16.074112,4,121.65226656427237,503.92404137801304,38.99392976515407,403.270152420354,227.13371699042136,267.4994103918515,uJy
sw1822-1606,275.57498,-16.074112,4,121.65226656427237,506.752041378013,38.99392976515407,403.270152420354,-87.58712839089499,222.5819371615124,uJy
sw1822-1606,275.57498,-16.074112,4,124.48026656427237,501.09604137801307,38.99392976515407,403.270152420354,1498.702427075689,102.7224689592868,uJy
sw1822-1606,275.57498,-16.074112,4,124.48026656427237,503.92404137801304,38.99392976515407,403.270152420354,1564.1287586111973,107.21962338119575,uJy
sw1822-1606,275.57498,-16.074112,4,124.48026656427237,506.752041378013,38.99392976515407,403.270152420354,710.381143446337,273.1068381099758,uJy
sw1822-1606,275.57498,-16.074112,4,127.30826656427237,501.09604137801307,38.99392976515407,403.270152420354,1462.9160853427295,75.27400768663965,uJy
sw1822-1606,275.57498,-16.074112,4,127.30826656427237,503.92404137801304,38.99392976515407,403.270152420354,1602.5899709210064,74.72740255007197,uJy
sw1822-1606,275.57498,-16.074112,4,127.30826656427237,506.752041378013,38.99392976515407,403.270152420354,747.6083027482659,246.286979716193,uJy
sw1822-1606,275.57498,-16.074112,4,121.65226656427237,501.09604137801307,71.8309232515996,742.8660702480205,494.5471527525371,265.3439700014906,uJy
sw1822-1606,275.57498,-16.074112,4,121.65226656427237,503.92404137801304,71.8309232515996,742.8660702480205,359.8807613969426,267.6984753670935,uJy
sw1822-1606,275.57498,-16.074112,4,121.65226656427237,506.752041378013,71.8309232515996,742.8660702480205,54.93883079307117,222.38672852962574,uJy
sw1822-1606,275.57498,-16.074112,4,124.48026656427237,501.09604137801307,71.8309232515996,742.8660702480205,1660.707821618131,103.31208191727897,uJy
sw1822-1606,275.57498,-16.074112,4,124.48026656427237,503.92404137801304,71.8309232515996,742.8660702480205,1726.0527864090616,108.18355910957318,uJy
sw1822-1606,275.57498,-16.074112,4,124.48026656427237,506.752041378013,71.8309232515996,742.8660702480205,878.4529044640692,273.531368415427,uJy
sw1822-1606,275.57498,-16.074112,4,127.30826656427237,501.09604137801307,71.8309232515996,742.8660702480205,1633.9236131314972,74.32552901766151,uJy
sw1822-1606,275.57498,-16.074112,4,127.30826656427237,503.92404137801304,71.8309232515996,742.8660702480205,1770.9479841351927,74.85590494519616,uJy
sw1822-1606,275.57498,-16.074112,4,127.30826656427237,506.752041378013,71.8309232515996,742.8660702480205,907.1629173210741,246.80492646660662,uJy
sg1833-0832,278.43488,-8.5187502,1,219.03890097644575,415.044084889896,29.16606928708386,277.91618271930037,116.6576623175922,31.662823370693,uJy
sg1833-0832,278.43488,-8.5187502,1,219.03890097644575,417.872084889896,29.16606928708386,277.91618271930037,127.50941334747769,35.16749527745765,uJy
sg1833-0832,278.43488,-8.5187502,1,219.03890097644575,420.70008488989595,29.16606928708386,277.91618271930037,106.12980043907301,48.67635368633847,uJy
sg1833-0832,278.43488,-8.5187502,1,221.86690097644575,415.044084889896,29.16606928708386,277.91618271930037,144.76656254609117,30.94023201366029,uJy
sg1833-0832,278.43488,-8.5187502,1,221.86690097644575,417.872084889896,29.16606928708386,277.91618271930037,223.2320415163413,73.22305473415523,uJy
sg1833-0832,278.43488,-8.5187502,1,221.86690097644575,420.70008488989595,29.16606928708386,277.91618271930037,337.0304691596772,67.16273197331046,uJy
sg1833-0832,278.43488,-8.5187502,1,224.69490097644575,415.044084889896,29.16606928708386,277.91618271930037,300.27633592447444,40.02328214324826,uJy
sg1833-0832,278.43488,-8.5187502,1,224.69490097644575,417.872084889896,29.16606928708386,277.91618271930037,315.24855881854194,77.93000923121893,uJy
sg1833-0832,278.43488,-8.5187502,1,224.69490097644575,420.70008488989595,29.16606928708386,277.91618271930037,670.6994073229633,38.35700090735892,uJy
sg1833-0832,278.43488,-8.5187502,1,219.03890097644575,415.044084889896,53.726969739365,511.9508629039743,297.7768463292229,31.774915301600913,uJy
sg1833-0832,278.43488,-8.5187502,1,219.03890097644575,417.872084889896,53.726969739365,511.9508629039743,310.5167657980509,35.321804451129786,uJy
sg1833-0832,278.43488,-8.5187502,1,219.03890097644575,420.70008488989595,53.726969739365,511.9508629039743,285.3113974525128,48.87609634011615,uJy
sg1833-0832,278.43488,-8.5187502,1,221.86690097644575,415.044084889896,53.726969739365,511.9508629039743,324.87415055056806,30.96871403578317,uJy
sg1833-0832,278.43488,-8.5187502,1,221.86690097644575,417.872084889896,53.726969739365,511.9508629039743,407.13837670734154,73.30544305920078,uJy
sg1833-0832,278.43488,-8.5187502,1,221.86690097644575,420.70008488989595,53.726969739365,511.9508629039743,522.0535281853402,67.72488547301933,uJy
sg1833-0832,278.43488,-8.5187502,1,224.69490097644575,415.044084889896,53.726969739365,511.9508629039743,483.7005196027842,39.95541916491911,uJy
sg1833-0832,278.43488,-8.5187502,1,224.69490097644575,417.872084889896,53.726969739365,511.9508629039743,496.8217080768664,77.80912405275184,uJy
sg1833-0832,278.43488,-8.5187502,1,224.69490097644575,420.70008488989595,53.726969739365,511.9508629039743,853.114846066637,38.419773457722734,uJy
sg1833-0832,278.43488,-8.5187502,2,501.8556531318071,409.40393104354376,23.685778962145104,224.69277354649333,182.7526086724848,33.869722978636304,uJy
sg1833-0832,278.43488,-8.5187502,2,501.8556531318071,412.23193104354374,23.685778962145104,224.69277354649333,15.984227993878724,40.709728317164476,uJy
sg1833-0832,278.43488,-8.5187502,2,501.8556531318071,415.0599310435437,23.685778962145104,224.69277354649333,30.25418642854095,41.96529399412104,uJy
sg1833-0832,278.43488,-8.5187502,2,504.6836531318071,409.40393104354376,23.685778962145104,224.69277354649333,126.99777452844832,30.09219380819466,uJy
sg1833-0832,278.43488,-8.5187502,2,504.6836531318071,412.23193104354374,23.685778962145104,224.69277354649333,145.50694175350074,59.25010131753796,uJy
sg1833-0832,278.43488,-8.5187502,2,504.6836531318071,415.0599310435437,23.685778962145104,224.69277354649333,196.50917750040594,68.87103886793903,uJy
sg1833-0832,278.43488,-8.5187502,2,507.51165313180707,409.40393104354376,23.685778962145104,224.69277354649333,300.4265221897983,35.94156279235522,uJy
sg1833-0832,278.43488,-8.5187502,2,507.51165313180707,412.23193104354374,23.685778962145104,224.69277354649333,256.57586840021764,68.97433255283418,uJy
sg1833-0832,278.43488,-8.5187502,2,507.51165313180707,415.0599310435437,23.685778962145104,224.69277354649333,447.7791795681418,32.382564924714266,uJy
sg1833-0832,278.43488,-8.5187502,2,501.8556531318071,409.40393104354376,43.63169808816204,413.90774074354044,326.86198607306187,33.90662550353694,uJy
sg1833-0832,278.43488,-8.5187502,2,501.8556531318071,412.23193104354374,43.63169808816204,413.90774074354044,160.9598503149629,40.760799331902945,uJy
sg1833-0832,278.43488,-8.5187502,2,501.8556531318071,415.0599310435437,43.63169808816204,413.90774074354044,174.99567724326852,42.13808062544532,uJy
sg1833-0832,278.43488,-8.5187502,2,504.6836531318071,409.40393104354376,43.63169808816204,413.90774074354044,270.9985547617585,30.05368793864879,uJy
sg1833-0832,278.43488,-8.5187502,2,504.6836531318071,412.23193104354374,43.63169808816204,413.90774074354044,290.30151341571815,59.35715223771789,uJy
sg1833-0832,278.43488,-8.5187502,2,504.6836531318071,415.0599310435437,43.63169808816204,413.90774074354044,345.60187892902275,69.12687730335672,uJy
sg1833-0832,278.43488,-8.5187502,2,507.51165313180707,409.40393104354376,43.63169808816204,413.90774074354044,451.0184556538523,35.980244538776475,uJy
sg1833-0832,278.43488,-8.5187502,2,507.51165313180707,412.23193104354374,43.63169808816204,413.90774074354044,404.1158815643237,68.92001757446727,uJy
sg1833-0832,278.43488,-8.5187502,2,507.51165313180707,415.0599310435437,43.63169808816204,413.90774074354044,597.4948357266607,32.49085603561502,uJy
sg1833-0832,278.43488,-8.5187502,3,206.68594608878576,416.8062009786947,42.301650555028935,406.66480252824294,106.21187328313255,89.74709325134728,uJy
sg1833-0832,278.43488,-8.5187502,3,206.68594608878576,419.63420097869465,42.301650555028935,406.66480252824294,-15.835087999730186,107.57154790961938,uJy
sg1833-0832,278.43488,-8.5187502,3,206.68594608878576,422.4622009786946,42.301650555028935,406.66480252824294,-176.55032617495286,104.48857526256812,uJy
sg1833-0832,278.43488,-8.5187502,3,209.51394608878576,416.8062009786947,42.301650555028935,406.66480252824294,475.9841255777545,121.71973161789478,uJy
sg1833-0832,278.43488,-8.5187502,3,209.51394608878576,419.63420097869465,42.301650555028935,406.66480252824294,126.87611016707199,107.25904123839119,uJy
sg1833-0832,278.43488,-8.5187502,3,209.51394608878576,422.4622009786946,42.301650555028935,406.66480252824294,198.1066739457328,102.71629301980309,uJy
sg1833-0832,278.43488,-8.5187502,3,212.34194608878576,416.8062009786947,42.301650555028935,406.66480252824294,753.5046184400127,100.10742858146496,uJy
sg1833-0832,278.43488,-8.5187502,3,212.34194608878576,419.63420097869465,42.301650555028935,406.66480252824294,846.0796915761002,105.1735322396531,uJy
sg1833-0832,278.43488,-8.5187502,3,212.34194608878576,422.4622009786946,42.301650555028935,406.66480252824294,633.3451192973716,104.88056441359984,uJy
sg1833-0832,278.43488,-8.5187502,3,206.68594608878576,416.8062009786947,77.92409312768488,749.1193730783424,321.50131926466526,89.82587620987522,uJy
sg1833-0832,278.43488,-8.5187502,3,206.68594608878576,419.63420097869465,77.92409312768488,749.1193730783424,200.63737262134666,107.22755789750293,uJy
sg1833-0832,278.43488,-8.5187502,3,206.68594608878576,422.4622009786946,77.92409312768488,749.1193730783424,12.87541283402294,104.0479524081146,uJy
sg1833-0832,278.43488,-8.5187502,3,209.51394608878576,416.8062009786947,77.92409312768488,749.1193730783424,679.0649235070169,122.02058149522412,uJy
sg1833-0832,278.43488,-8.5187502,3,209.51394608878576,419.63420097869465,77.92409312768488,749.1193730783424,319.42820735394736,107.54495299796214,uJy
sg1833-0832,278.43488,-8.5187502,3,209.51394608878576,422.4622009786946,77.92409312768488,749.1193730783424,416.51081005006773,102.69231207943231,uJy
sg1833-0832,278.43488,-8.5187502,3,212.34194608878576,416.8062009786947,77.92409312768488,749.1193730783424,962.3078154200458,100.69956446687016,uJy
sg1833-0832,278.43488,-8.5187502,3,212.34194608878576,419.63420097869465,77.92409312768488,749.1193730783424,1043.3039448156894,105.2146578891459,uJy
sg1833-0832,278.43488,-8.5187502,3,212.34194608878576,422.4622009786946,77.92409312768488,749.1193730783424,842.0252465274301,104.93032947455939,uJy
sg1833-0832,278.43488,-8.5187502,4,502.13181868625315,407.3880264477583,38.17620442243951,394.8133432302946,-411.0180835764432,97.26821305803907,uJy
sg1833-0832,278.43488,-8.5187502,4,502.13181868625315,410.2160264477583,38.17620442243951,394.8133432302946,-183.01576355607907,122.49528669425288,uJy
sg1833-0832,278.43488,-8.5187502,4,502.13181868625315,413.04402644775826,38.17620442243951,394.8133432302946,-286.1179850339073,107.58679100916537,uJy
sg1833-0832,278.43488,-8.5187502,4,504.95981868625313,407.3880264477583,38.17620442243951,394.8133432302946,331.9250925065278,119.27573789340032,uJy
sg1833-0832,278.43488,-8.5187502,4,504.95981868625313,410.2160264477583,38.17620442243951,394.8133432302946,218.78384121973315,104.68532111245518,uJy
sg1833-0832,278.43488,-8.5187502,4,504.95981868625313,413.04402644775826,38.17620442243951,394.8133432302946,569.9231967608166,111.68453535880923,uJy
sg1833-0832,278.43488,-8.5187502,4,507.7878186862531,407.3880264477583,38.17620442243951,394.8133432302946,817.5864171204897,123.51687284063075,uJy
sg1833-0832,278.43488,-8.5187502,4,507.7878186862531,410.2160264477583,38.17620442243951,394.8133432302946,587.9842478384138,98.91626693775737,uJy
sg1833-0832,278.43488,-8.5187502,4,507.7878186862531,413.04402644775826,38.17620442243951,394.8133432302946,201.4730658292866,95.7835471085201,uJy
sg1833-0832,278.43488,-8.5187502,4,502.13181868625315,407.3880264477583,70.32458709396752,727.28773752949,-272.6485305844056,97.64039787418564,uJy
sg1833-0832,278.43488,-8.5187502,4,502.13181868625315,410.2160264477583,70.32458709396752,727.28773752949,-19.529167403772178,122.13564693373542,uJy
sg1833-0832,278.43488,-8.5187502,4,502.13181868625315,413.04402644775826,70.32458709396752,727.28773752949,-142.18460920691416,107.54567032269749,uJy
sg1833-0832,278.43488,-8.5187502,4,504.95981868625313,407.3880264477583,70.32458709396752,727.28773752949,481.95934377523594,119.41289848874689,uJy
sg1833-0832,278.43488,-8.5187502,4,504.95981868625313,410.2160264477583,70.32458709396752,727.28773752949,379.56881180055416,105.38586347922814,uJy
sg1833-0832,278.43488,-8.5187502,4,504.95981868625313,413.04402644775826,70.32458709396752,727.28773752949,704.0025714194384,112.21622844791864,uJy
sg1833-0832,278.43488,-8.5187502,4,507.7878186862531,407.3880264477583,70.32458709396752,727.28773752949,972.1540259811292,123.59491037215551,uJy
sg1833-0832,278.43488,-8.5187502,4,507.7878186862531,410.2160264477583,70.32458709396752,727.28773752949,731.0380450611606,98.68171526533214,uJy
sg1833-0832,278.43488,-8.5187502,4,507.7878186862531,413.04402644775826,70.32458709396752,727.28773752949,345.46923378895644,95.76231306885585,uJy
sw1834-0846,278.71716,-8.7655611,1,518.8082433932134,328.09620559798486,47.123219907261436,449.0253816913175,-151.58119217965287,147.57633232687945,uJy
sw1834-0846,278.71716,-8.7655611,1,518.8082433932134,330.92420559798484,47.123219907261436,449.0253816913175,-3.2246989237179515,1030.4038987202166,uJy
sw1834-0846,278.71716,-8.7655611,1,518.8082433932134,333.7522055979848,47.123219907261436,449.0253816913175,880.430443006754,1999.1478236394785,uJy
sw1834-0846,278.71716,-8.7655611,1,521.6362433932134,328.09620559798486,47.123219907261436,449.0253816913175,121.6957282811939,160.24694636285795,uJy
sw1834-0846,278.71716,-8.7655611,1,521.6362433932134,330.92420559798484,47.123219907261436,449.0253816913175,491.49455335335347,119.29502553749451,uJy
sw1834-0846,278.71716,-8.7655611,1,521.6362433932134,333.7522055979848,47.123219907261436,449.0253816913175,660.3502940776293,134.76859955848207,uJy
sw1834-0846,278.71716,-8.7655611,1,524.4642433932133,328.09620559798486,47.123219907261436,449.0253816913175,556.289415162293,234.36415544281928,uJy
sw1834-0846,278.71716,-8.7655611,1,524.4642433932133,330.92420559798484,47.123219907261436,449.0253816913175,1392.1738125099419,226.6148783767702,uJy
sw1834-0846,278.71716,-8.7655611,1,524.4642433932133,333.7522055979848,47.123219907261436,449.0253816913175,1484.8032727629577,216.50541514006406,uJy
sw1834-0846,278.71716,-8.7655611,1,518.8082433932134,328.09620559798486,86.80593140811317,827.1520189050583,149.51418809905883,147.64822643842862,uJy
sw1834-0846,278.71716,-8.7655611,1,518.8082433932134,330.92420559798484,86.80593140811317,827.1520189050583,297.15649874449247,1030.435529141564,uJy
sw1834-0846,278.71716,-8.7655611,1,518.8082433932134,333.7522055979848,86.80593140811317,827.1520189050583,1173.0222358866224,1998.9774781244,uJy
sw1834-0846,278.71716,-8.7655611,1,521.6362433932134,328.09620559798486,86.80593140811317,827.1520189050583,419.6155094158324,160.43776437356485,uJy
sw1834-0846,278.71716,-8.7655611,1,521.6362433932134,330.92420559798484,86.80593140811317,827.1520189050583,780.7931360648107,120.25967215704034,uJy
sw1834-0846,278.71716,-8.7655611,1,521.6362433932134,333.7522055979848,86.80593140811317,827.1520189050583,961.8383849860146,134.57514540995274,uJy
sw1834-0846,278.71716,-8.7655611,1,524.4642433932133,328.09620559798486,86.80593140811317,827.1520189050583,854.5015534851328,235.06599543618137,uJy
sw1834-0846,278.71716,-8.7655611,1,524.4642433932133,330.92420559798484,86.80593140811317,827.1520189050583,1685.1585187537808,227.0065649047986,uJy
sw1834-0846,278.71716,-8.7655611,1,524.4642433932133,333.7522055979848,86.80593140811317,827.1520189050583,1773.459985059416,216.28430332337575,uJy
sw1834-0846,278.71716,-8.7655611,2,642.4330114934719,474.9359884465622,40.39090190110665,383.16425179465824,297.04568942482473,214.34019050915708,uJy
sw1834-0846,278.71716,-8.7655611,2,642.4330114934719,477.76398844656217,40.39090190110665,383.16425179465824,949.2244360612453,99.03307966504745,uJy
sw1834-0846,278.71716,-8.7655611,2,642.4330114934719,480.59198844656214,40.39090190110665,383.16425179465824,1544.6049133212987,120.16433916510081,uJy
sw1834-0846,278.71716,-8.7655611,2,645.2610114934719,474.9359884465622,40.39090190110665,383.16425179465824,326.34855501297716,734.039185780613,uJy
sw1834-0846,278.71716,-8.7655611,2,645.2610114934719,477.76398844656217,40.39090190110665,383.16425179465824,553.4810720105709,100.93301529753944,uJy
sw1834-0846,278.71716,-8.7655611,2,645.2610114934719,480.59198844656214,40.39090190110665,383.16425179465824,701.4937878166386,167.23636369138953,uJy
sw1834-0846,278.71716,-8.7655611,2,648.0890114934718,474.9359884465622,40.39090190110665,383.16425179465824,904.1071477303276,1975.3051132797586,uJy
sw1834-0846,278.71716,-8.7655611,2,648.0890114934718,477.76398844656217,40.39090190110665,383.16425179465824,108.88867045705767,117.03305249001612,uJy
sw1834-0846,278.71716,-8.7655611,2,648.0890114934718,480.59198844656214,40.39090190110665,383.16425179465824,209.61143171547656,92.01209708227977,uJy
sw1834-0846,278.71716,-8.7655611,2,642.4330114934719,474.9359884465622,74.40429297572278,705.8288848848966,550.5677939600826,214.0868031843542,uJy
sw1834-0846,278.71716,-8.7655611,2,642.4330114934719,477.76398844656217,74.40429297572278,705.8288848848966,1195.6124646680269,99.07054230922778,uJy
sw1834-0846,278.71716,-8.7655611,2,642.4330114934719,480.59198844656214,74.40429297572278,705.8288848848966,1789.5641433288815,120.23887613858652,uJy
sw1834-0846,278.71716,-8.7655611,2,645.2610114934719,474.9359884465622,74.40429297572278,705.8288848848966,578.7275799046547,733.8546477796422,uJy
sw1834-0846,278.71716,-8.7655611,2,645.2610114934719,477.76398844656217,74.40429297572278,705.8288848848966,812.3743039497436,101.02625155071868,uJy
sw1834-0846,278.71716,-8.7655611,2,645.2610114934719,480.59198844656214,74.40429297572278,705.8288848848966,955.6693901651311,167.34171373732448,uJy
sw1834-0846,278.71716,-8.7655611,2,648.0890114934718,474.9359884465622,74.40429297572278,705.8288848848966,1146.219095968184,1975.2094737384232,uJy
sw1834-0846,278.71716,-8.7655611,2,648.0890114934718,477.76398844656217,74.40429297572278,705.8288848848966,365.8560483891279,117.00617649519907,uJy
sw1834-0846,278.71716,-8.7655611,2,648.0890114934718,480.59198844656214,74.40429297572278,705.8288848848966,463.3148484049262,91.87885778642742,uJy
sw1834-0846,278.71716,-8.7655611,3,59.112620921505,490.31717015202605,81.63153528492211,784.7606828848345,366.7430313576438,646.9566136642115,uJy
sw1834-0846,278.71716,-8.7655611,3,59.112620921505,493.145170152026,81.63153528492211,784.7606828848345,-213.0572368021585,1017.2650392420917,uJy
sw1834-0846,278.71716,-8.7655611,3,59.112620921505,495.973170152026,81.63153528492211,784.7606828848345,312.4535673791712,961.9634433734174,uJy
sw1834-0846,278.71716,-8.7655611,3,61.940620921505,490.31717015202605,81.63153528492211,784.7606828848345,525.6004557399353,191.3346814454901,uJy
sw1834-0846,278.71716,-8.7655611,3,61.940620921505,493.145170152026,81.63153528492211,784.7606828848345,-684.559263697755,205.92166197119968,uJy
sw1834-0846,278.71716,-8.7655611,3,61.940620921505,495.973170152026,81.63153528492211,784.7606828848345,-279.41040381641034,230.77478802408405,uJy
sw1834-0846,278.71716,-8.7655611,3,64.768620921505,490.31717015202605,81.63153528492211,784.7606828848345,105.19818342957349,228.86965996796815,uJy
sw1834-0846,278.71716,-8.7655611,3,64.768620921505,493.145170152026,81.63153528492211,784.7606828848345,490.69654244335555,228.5019047695998,uJy
sw1834-0846,278.71716,-8.7655611,3,64.768620921505,495.973170152026,81.63153528492211,784.7606828848345,680.9600419063592,204.1685516185762,uJy
sw1834-0846,278.71716,-8.7655611,3,59.112620921505,490.31717015202605,150.37388078801442,1445.6117842615372,745.1670173298762,646.9683807597755,uJy
sw1834-0846,278.71716,-8.7655611,3,59.112620921505,493.145170152026,150.37388078801442,1445.6117842615372,197.17011188244,1017.9678554292652,uJy
sw1834-0846,278.71716,-8.7655611,3,59.112620921505,495.973170152026,150.37388078801442,1445.6117842615372,703.2938691192484,961.9729746896423,uJy
sw1834-0846,278.71716,-8.7655611,3,61.940620921505,490.31717015202605,150.37388078801442,1445.6117842615372,928.2803259966538,192.6391348570398,uJy
sw1834-0846,278.71716,-8.7655611,3,61.940620921505,493.145170152026,150.37388078801442,1445.6117842615372,-284.78212814976723,205.51058935113147,uJy
sw1834-0846,278.71716,-8.7655611,3,61.940620921505,495.973170152026,150.37388078801442,1445.6117842615372,112.46984088328854,230.3877897162417,uJy
sw1834-0846,278.71716,-8.7655611,3,64.768620921505,490.31717015202605,150.37388078801442,1445.6117842615372,479.67489407437597,229.64267626403557,uJy
sw1834-0846,278.71716,-8.7655611,3,64.768620921505,493.145170152026,150.37388078801442,1445.6117842615372,906.3145777788163,227.52107622675686,uJy
sw1834-0846,278.71716,-8.7655611,3,64.768620921505,495.973170152026,150.37388078801442,1445.6117842615372,1086.424975736241,203.90795372590222,uJy
sw1834-0846,278.71716,-8.7655611,4,425.0144845731621,530.4605912597166,76.4058670996632,790.179544781994,nan,nan,uJy
sw1834-0846,278.71716,-8.7655611,4,425.0144845731621,533.2885912597166,76.4058670996632,790.179544781994,-567.2184007692277,275.08706416879915,uJy
sw1834-0846,278.71716,-8.7655611,4,425.0144845731621,536.1165912597165,76.4058670996632,790.179544781994,-390.6321940890295,343.33694503559474,uJy
sw1834-0846,278.71716,-8.7655611,4,427.8424845731621,530.4605912597166,76.4058670996632,790.179544781994,nan,nan,uJy
sw1834-0846,278.71716,-8.7655611,4,427.8424845731621,533.2885912597166,76.4058670996632,790.179544781994,-1338.9797367795702,208.8358213149813,uJy
sw1834-0846,278.71716,-8.7655611,4,427.8424845731621,536.1165912597165,76.4058670996632,790.179544781994,-708.3353626462387,314.06774160048,uJy
sw1834-0846,278.71716,-8.7655611,4,430.67048457316207,530.4605912597166,76.4058670996632,790.179544781994,nan,nan,uJy
sw1834-0846,278.71716,-8.7655611,4,430.67048457316207,533.2885912597166,76.4058670996632,790.179544781994,95.75006618776159,455.2111679556015,uJy
sw1834-0846,278.71716,-8.7655611,4,430.67048457316207,536.1165912597165,76.4058670996632,790.179544781994,-589.9777570054995,377.6418169228846,uJy
sw1834-0846,278.71716,-8.7655611,4,425.0144845731621,530.4605912597166,140.74764992043222,1455.5938982826206,nan,nan,uJy
sw1834-0846,278.71716,-8.7655611,4,425.0144845731621,533.2885912597166,140.74764992043222,1455.5938982826206,-295.33952938559537,273.977808679369,uJy
sw1834-0846,278.71716,-8.7655611,4,425.0144845731621,536.1165912597165,140.74764992043222,1455.5938982826206,-109.03576841707887,342.51351680638203,uJy
sw1834-0846,278.71716,-8.7655611,4,427.8424845731621,530.4605912597166,140.74764992043222,1455.5938982826206,nan,nan,uJy
sw1834-0846,278.71716,-8.7655611,4,427.8424845731621,533.2885912597166,140.74764992043222,1455.5938982826206,-1046.1638380635982,209.67286749489705,uJy
sw1834-0846,278.71716,-8.7655611,4,427.8424845731621,536.1165912597165,140.74764992043222,1455.5938982826206,-419.89789592262275,313.3084471399278,uJy
sw1834-0846,278.71716,-8.7655611,4,430.67048457316207,530.4605912597166,140.74764992043222,1455.5938982826206,nan,nan,uJy
sw1834-0846,278.71716,-8.7655611,4,430.67048457316207,533.2885912597166,140.74764992043222,1455.5938982826206,385.27028646937526,456.2193790056614,uJy
sw1834-0846,278.71716,-8.7655611,4,430.67048457316207,536.1165912597165,140.74764992043222,1455.5938982826206,-327.73708601945407,377.9262236564764,uJy
3x1852+0033,283.19446,0.55494446,2,275.0001091445085,326.9246551459876,37.356772640478226,354.3812879766327,521.7525065577389,92.39900642515063,uJy
3x1852+0033,283.19446,0.55494446,2,275.0001091445085,329.75265514598755,37.356772640478226,354.3812879766327,130.8551944723785,92.15015254387416,uJy
3x1852+0033,283.19446,0.55494446,2,275.0001091445085,332.5806551459875,37.356772640478226,354.3812879766327,405.0621212160588,87.48751179259736,uJy
3x1852+0033,283.19446,0.55494446,2,277.82810914450846,326.9246551459876,37.356772640478226,354.3812879766327,402.32519378213885,117.97617101313318,uJy
3x1852+0033,283.19446,0.55494446,2,277.82810914450846,329.75265514598755,37.356772640478226,354.3812879766327,315.2544104044259,92.9958839318013,uJy
3x1852+0033,283.19446,0.55494446,2,277.82810914450846,332.5806551459875,37.356772640478226,354.3812879766327,350.3035205693722,86.51087005449877,uJy
3x1852+0033,283.19446,0.55494446,2,280.65610914450843,326.9246551459876,37.356772640478226,354.3812879766327,1009.0808023233099,60.15781050358842,uJy
3x1852+0033,283.19446,0.55494446,2,280.65610914450843,329.75265514598755,37.356772640478226,354.3812879766327,535.9251013366968,156.59063784826765,uJy
3x1852+0033,283.19446,0.55494446,2,280.65610914450843,332.5806551459875,37.356772640478226,354.3812879766327,477.2946169659288,34.68494398374379,uJy
3x1852+0033,283.19446,0.55494446,2,275.0001091445085,326.9246551459876,68.81510749561778,652.8076357464287,736.1039534690143,92.34396961456976,uJy
3x1852+0033,283.19446,0.55494446,2,275.0001091445085,329.75265514598755,68.81510749561778,652.8076357464287,359.93584672878984,92.16971909963713,uJy
3x1852+0033,283.19446,0.55494446,2,275.0001091445085,332.5806551459875,68.81510749561778,652.8076357464287,626.9203981583954,87.61444683518471,uJy
3x1852+0033,283.19446,0.55494446,2,277.82810914450846,326.9246551459876,68.81510749561778,652.8076357464287,632.9513224240304,117.69056219880282,uJy
3x1852+0033,283.19446,0.55494446,2,277.82810914450846,329.75265514598755,68.81510749561778,652.8076357464287,543.1702943840266,92.78440742621639,uJy
3x1852+0033,283.19446,0.55494446,2,277.82810914450846,332.5806551459875,68.81510749561778,652.8076357464287,588.4013205164791,86.5158420485784,uJy
3x1852+0033,283.19446,0.55494446,2,280.65610914450843,326.9246551459876,68.81510749561778,652.8076357464287,1246.813288011539,59.93432757626079,uJy
3x1852+0033,283.19446,0.55494446,2,280.65610914450843,329.75265514598755,68.81510749561778,652.8076357464287,770.1536014317991,156.59323619429944,uJy
3x1852+0033,283.19446,0.55494446,2,280.65610914450843,332.5806551459875,68.81510749561778,652.8076357464287,715.1772476255805,34.77942352503462,uJy
3x1852+0033,283.19446,0.55494446,3,395.35122122091855,335.36252054214333,45.97462445693915,441.9747534855617,74.77095272405298,104.62195401392157,uJy
3x1852+0033,283.19446,0.55494446,3,395.35122122091855,338.1905205421433,45.97462445693915,441.9747534855617,136.867857582978,159.8184607619862,uJy
3x1852+0033,283.19446,0.55494446,3,395.35122122091855,341.0185205421433,45.97462445693915,441.9747534855617,798.4321510506287,103.62169346685484,uJy
3x1852+0033,283.19446,0.55494446,3,398.1792212209185,335.36252054214333,45.97462445693915,441.9747534855617,-38.99013139979821,108.44516452612724,uJy
3x1852+0033,283.19446,0.55494446,3,398.1792212209185,338.1905205421433,45.97462445693915,441.9747534855617,-131.57553057448044,116.17594395958581,uJy
3x1852+0033,283.19446,0.55494446,3,398.1792212209185,341.0185205421433,45.97462445693915,441.9747534855617,50.067972595820585,162.9572064246664,uJy
3x1852+0033,283.19446,0.55494446,3,401.0072212209185,335.36252054214333,45.97462445693915,441.9747534855617,542.4351802204542,118.36058610182141,uJy
3x1852+0033,283.19446,0.55494446,3,401.0072212209185,338.1905205421433,45.97462445693915,441.9747534855617,458.76751127222474,77.83622352690526,uJy
3x1852+0033,283.19446,0.55494446,3,401.0072212209185,341.0185205421433,45.97462445693915,441.9747534855617,492.6287387535023,87.88173101167523,uJy
3x1852+0033,283.19446,0.55494446,3,395.35122122091855,335.36252054214333,84.69009768383528,814.1640195786663,304.85502893537137,104.96588918471119,uJy
3x1852+0033,283.19446,0.55494446,3,395.35122122091855,338.1905205421433,84.69009768383528,814.1640195786663,363.56712862216307,159.08779981748603,uJy
3x1852+0033,283.19446,0.55494446,3,395.35122122091855,341.0185205421433,84.69009768383528,814.1640195786663,1010.8038071924449,103.84855258818163,uJy
3x1852+0033,283.19446,0.55494446,3,398.1792212209185,335.36252054214333,84.69009768383528,814.1640195786663,171.77451178343557,108.36838141592254,uJy
3x1852+0033,283.19446,0.55494446,3,398.1792212209185,338.1905205421433,84.69009768383528,814.1640195786663,92.26994314178378,116.12724067432487,uJy
3x1852+0033,283.19446,0.55494446,3,398.1792212209185,341.0185205421433,84.69009768383528,814.1640195786663,237.95289200847597,163.56861703478094,uJy
3x1852+0033,283.19446,0.55494446,3,401.0072212209185,335.36252054214333,84.69009768383528,814.1640195786663,761.7448560433761,118.31292528142302,uJy
3x1852+0033,283.19446,0.55494446,3,401.0072212209185,338.1905205421433,84.69009768383528,814.1640195786663,689.8720067764837,77.78713395407812,uJy
3x1852+0033,283.19446,0.55494446,3,401.0072212209185,341.0185205421433,84.69009768383528,814.1640195786663,722.3738071564917,87.9955751837745,uJy
3x1852+0033,283.19446,0.55494446,4,217.9135694163513,344.1465326288231,38.450736225876554,397.652515452306,731.6507028947907,81.92802340251669,uJy
3x1852+0033,283.19446,0.55494446,4,217.9135694163513,346.97453262882306,38.450736225876554,397.652515452306,659.2314639022322,76.06856929104018,uJy
3x1852+0033,283.19446,0.55494446,4,217.9135694163513,349.80253262882303,38.450736225876554,397.652515452306,481.5704140725476,119.3266719205655,uJy
3x1852+0033,283.19446,0.55494446,4,220.7415694163513,344.1465326288231,38.450736225876554,397.652515452306,64.04795475709074,92.20605504526172,uJy
3x1852+0033,283.19446,0.55494446,4,220.7415694163513,346.97453262882306,38.450736225876554,397.652515452306,294.2863844969805,104.56954453980549,uJy
3x1852+0033,283.19446,0.55494446,4,220.7415694163513,349.80253262882303,38.450736225876554,397.652515452306,434.59729815368263,115.2342079149231,uJy
3x1852+0033,283.19446,0.55494446,4,223.5695694163513,344.1465326288231,38.450736225876554,397.652515452306,162.1076804656555,99.1188675448843,uJy
3x1852+0033,283.19446,0.55494446,4,223.5695694163513,346.97453262882306,38.450736225876554,397.652515452306,-372.0634167135718,106.77267124029603,uJy
3x1852+0033,283.19446,0.55494446,4,223.5695694163513,349.80253262882303,38.450736225876554,397.652515452306,92.3310377920338,116.6982355874916,uJy
3x1852+0033,283.19446,0.55494446,4,217.9135694163513,344.1465326288231,70.83030357398313,732.517791622669,889.1573277909853,81.82489757979125,uJy
3x1852+0033,283.19446,0.55494446,4,217.9135694163513,346.97453262882306,70.83030357398313,732.517791622669,807.7692628201994,75.82404136189693,uJy
3x1852+0033,283.19446,0.55494446,4,217.9135694163513,349.80253262882303,70.83030357398313,732.517791622669,643.4147500255033,119.80238671805033,uJy
3x1852+0033,283.19446,0.55494446,4,220.7415694163513,344.1465326288231,70.83030357398313,732.517791622669,224.56253117504824,92.25719560837504,uJy
3x1852+0033,283.19446,0.55494446,4,220.7415694163513,346.97453262882306,70.83030357398313,732.517791622669,453.6945045639397,104.54853542134916,uJy
3x1852+0033,283.19446,0.55494446,4,220.7415694163513,349.80253262882303,70.83030357398313,732.517791622669,580.0470151196669,116.02685437689141,uJy
3x1852+0033,283.19446,0.55494446,4,223.5695694163513,344.1465326288231,70.83030357398313,732.517791622669,329.5129928410596,98.55143147563575,uJy
3x1852+0033,283.19446,0.55494446,4,223.5695694163513,346.97453262882306,70.83030357398313,732.517791622669,-207.88165205517012,106.06496819172042,uJy
3x1852+0033,283.19446,0.55494446,4,223.5695694163513,349.80253262882303,70.83030357398313,732.517791622669,234.10537031972302,116.70065854355822,uJy
sg1900+14,286.80972,9.3222504,2,407.22860044269936,506.18933374260087,218.3964826469573,2071.796392982096,4851.643186153854,217.97222221643264,uJy
sg1900+14,286.80972,9.3222504,2,407.22860044269936,509.01733374260084,218.3964826469573,2071.796392982096,2055.0359629451755,579.179927217677,uJy
sg1900+14,286.80972,9.3222504,2,407.22860044269936,511.8453337426008,218.3964826469573,2071.796392982096,2662.305487381363,578.1772527735261,uJy
sg1900+14,286.80972,9.3222504,2,410.05660044269933,506.18933374260087,218.3964826469573,2071.796392982096,1866.9135430389408,617.0431390611963,uJy
sg1900+14,286.80972,9.3222504,2,410.05660044269933,509.01733374260084,218.3964826469573,2071.796392982096,-137.38040469679834,544.1739977543242,uJy
sg1900+14,286.80972,9.3222504,2,410.05660044269933,511.8453337426008,218.3964826469573,2071.796392982096,1980.7440950870905,725.7293862674143,uJy
sg1900+14,286.80972,9.3222504,2,412.8846004426993,506.18933374260087,218.3964826469573,2071.796392982096,1603.6864109542491,261.1672170160164,uJy
sg1900+14,286.80972,9.3222504,2,412.8846004426993,509.01733374260084,218.3964826469573,2071.796392982096,494.3533803688289,373.80853886002444,uJy
sg1900+14,286.80972,9.3222504,2,412.8846004426993,511.8453337426008,218.3964826469573,2071.796392982096,2068.362965721709,785.5577022955823,uJy
sg1900+14,286.80972,9.3222504,2,407.22860044269936,506.18933374260087,402.30931013913187,3816.467039703861,6172.675562055875,218.34511668218195,uJy
sg1900+14,286.80972,9.3222504,2,407.22860044269936,509.01733374260084,402.30931013913187,3816.467039703861,3338.0698918064604,579.6323169602988,uJy
sg1900+14,286.80972,9.3222504,2,407.22860044269936,511.8453337426008,402.30931013913187,3816.467039703861,4006.166459858895,579.1850438504883,uJy
sg1900+14,286.80972,9.3222504,2,410.05660044269933,506.18933374260087,402.30931013913187,3816.467039703861,3161.173873348618,616.135476815648,uJy
sg1900+14,286.80972,9.3222504,2,410.05660044269933,509.01733374260084,402.30931013913187,3816.467039703861,1209.7849309168819,543.3521546359302,uJy
sg1900+14,286.80972,9.3222504,2,410.05660044269933,511.8453337426008,402.30931013913187,3816.467039703861,3362.126249449546,726.2028486393713,uJy
sg1900+14,286.80972,9.3222504,2,412.8846004426993,506.18933374260087,402.30931013913187,3816.467039703861,2925.237035639501,260.37978991591405,uJy
sg1900+14,286.80972,9.3222504,2,412.8846004426993,509.01733374260084,402.30931013913187,3816.467039703861,1850.117058210099,373.29543753866983,uJy
sg1900+14,286.80972,9.3222504,2,412.8846004426993,511.8453337426008,402.30931013913187,3816.467039703861,3410.6018639508015,785.4315431568807,uJy
sg1900+14,286.80972,9.3222504,3,322.5289208305117,322.26412685608994,nan,nan,nan,nan,uJy
sg1900+14,286.80972,9.3222504,3,322.5289208305117,325.0921268560899,nan,nan,nan,nan,uJy
sg1900+14,286.80972,9.3222504,3,322.5289208305117,327.9201268560899,nan,nan,nan,nan,uJy
sg1900+14,286.80972,9.3222504,3,325.3569208305117,322.26412685608994,nan,nan,nan,nan,uJy
sg1900+14,286.80972,9.3222504,3,325.3569208305117,325.0921268560899,nan,nan,nan,nan,uJy
sg1900+14,286.80972,9.3222504,3,325.3569208305117,327.9201268560899,nan,nan,nan,nan,uJy
sg1900+14,286.80972,9.3222504,3,328.18492083051166,322.26412685608994,nan,nan,nan,nan,uJy
sg1900+14,286.80972,9.3222504,3,328.18492083051166,325.0921268560899,nan,nan,nan,nan,uJy
sg1900+14,286.80972,9.3222504,3,328.18492083051166,327.9201268560899,nan,nan,nan,nan,uJy
sg1900+14,286.80972,9.3222504,3,322.5289208305117,322.26412685608994,nan,nan,nan,nan,uJy
sg1900+14,286.80972,9.3222504,3,322.5289208305117,325.0921268560899,nan,nan,nan,nan,uJy
sg1900+14,286.80972,9.3222504,3,322.5289208305117,327.9201268560899,nan,nan,nan,nan,uJy
sg1900+14,286.80972,9.3222504,3,325.3569208305117,322.26412685608994,nan,nan,nan,nan,uJy
sg1900+14,286.80972,9.3222504,3,325.3569208305117,325.0921268560899,nan,nan,nan,nan,uJy
sg1900+14,286.80972,9.3222504,3,325.3569208305117,327.9201268560899,nan,nan,nan,nan,uJy
sg1900+14,286.80972,9.3222504,3,328.18492083051166,322.26412685608994,nan,nan,nan,nan,uJy
sg1900+14,286.80972,9.3222504,3,328.18492083051166,325.0921268560899,nan,nan,nan,nan,uJy
sg1900+14,286.80972,9.3222504,3,328.18492083051166,327.9201268560899,nan,nan,nan,nan,uJy
sg1900+14,286.80972,9.3222504,4,327.38404814385416,319.37737670249305,nan,nan,nan,nan,uJy
sg1900+14,286.80972,9.3222504,4,327.38404814385416,322.205376702493,nan,nan,nan,nan,uJy
sg1900+14,286.80972,9.3222504,4,327.38404814385416,325.033376702493,nan,nan,nan,nan,uJy
sg1900+14,286.80972,9.3222504,4,330.21204814385413,319.37737670249305,nan,nan,nan,nan,uJy
sg1900+14,286.80972,9.3222504,4,330.21204814385413,322.205376702493,nan,nan,nan,nan,uJy
sg1900+14,286.80972,9.3222504,4,330.21204814385413,325.033376702493,nan,nan,nan,nan,uJy
sg1900+14,286.80972,9.3222504,4,333.0400481438541,319.37737670249305,nan,nan,nan,nan,uJy
sg1900+14,286.80972,9.3222504,4,333.0400481438541,322.205376702493,nan,nan,nan,nan,uJy
sg1900+14,286.80972,9.3222504,4,333.0400481438541,325.033376702493,nan,nan,nan,nan,uJy
sg1900+14,286.80972,9.3222504,4,327.38404814385416,319.37737670249305,nan,nan,nan,nan,uJy
sg1900+14,286.80972,9.3222504,4,327.38404814385416,322.205376702493,nan,nan,nan,nan,uJy
sg1900+14,286.80972,9.3222504,4,327.38404814385416,325.033376702493,nan,nan,nan,nan,uJy
sg1900+14,286.80972,9.3222504,4,330.21204814385413,319.37737670249305,nan,nan,nan,nan,uJy
sg1900+14,286.80972,9.3222504,4,330.21204814385413,322.205376702493,nan,nan,nan,nan,uJy
sg1900+14,286.80972,9.3222504,4,330.21204814385413,325.033376702493,nan,nan,nan,nan,uJy
sg1900+14,286.80972,9.3222504,4,333.0400481438541,319.37737670249305,nan,nan,nan,nan,uJy
sg1900+14,286.80972,9.3222504,4,333.0400481438541,322.205376702493,nan,nan,nan,nan,uJy
sg1900+14,286.80972,9.3222504,4,333.0400481438541,325.033376702493,nan,nan,nan,nan,uJy
sg1935+2154,293.73166,21.896608,2,414.5738919281605,507.70962785837776,2.4192470989009127,22.949945679013624,59.370835541889456,6.4815567979931075,uJy
sg1935+2154,293.73166,21.896608,2,414.5738919281605,510.53762785837773,2.4192470989009127,22.949945679013624,58.45492861676291,7.472316899397671,uJy
sg1935+2154,293.73166,21.896608,2,414.5738919281605,513.3656278583777,2.4192470989009127,22.949945679013624,51.28267698376217,6.582873226106513,uJy
sg1935+2154,293.73166,21.896608,2,417.40189192816047,507.70962785837776,2.4192470989009127,22.949945679013624,40.52604060230256,11.572328033158513,uJy
sg1935+2154,293.73166,21.896608,2,417.40189192816047,510.53762785837773,2.4192470989009127,22.949945679013624,53.63099978498594,6.042813850212513,uJy
sg1935+2154,293.73166,21.896608,2,417.40189192816047,513.3656278583777,2.4192470989009127,22.949945679013624,31.799301328628328,7.916387752170834,uJy
sg1935+2154,293.73166,21.896608,2,420.22989192816044,507.70962785837776,2.4192470989009127,22.949945679013624,17.801526364363358,8.167888586837044,uJy
sg1935+2154,293.73166,21.896608,2,420.22989192816044,510.53762785837773,2.4192470989009127,22.949945679013624,37.71646886837613,6.677447956294251,uJy
sg1935+2154,293.73166,21.896608,2,420.22989192816044,513.3656278583777,2.4192470989009127,22.949945679013624,44.456886961148314,7.342998230296388,uJy
sg1935+2154,293.73166,21.896608,2,414.5738919281605,507.70962785837776,4.456507813764839,42.27621572449877,74.64200770837888,6.4986985486907605,uJy
sg1935+2154,293.73166,21.896608,2,414.5738919281605,510.53762785837773,4.456507813764839,42.27621572449877,73.14622336396427,7.48247848132733,uJy
sg1935+2154,293.73166,21.896608,2,414.5738919281605,513.3656278583777,4.456507813764839,42.27621572449877,66.21343745967448,6.5718372096265725,uJy
sg1935+2154,293.73166,21.896608,2,417.40189192816047,507.70962785837776,4.456507813764839,42.27621572449877,54.81390147003756,11.573168861411297,uJy
sg1935+2154,293.73166,21.896608,2,417.40189192816047,510.53762785837773,4.456507813764839,42.27621572449877,68.04034433663712,6.046263021789633,uJy
sg1935+2154,293.73166,21.896608,2,417.40189192816047,513.3656278583777,4.456507813764839,42.27621572449877,47.03636137453654,7.908900858690215,uJy
sg1935+2154,293.73166,21.896608,2,420.22989192816044,507.70962785837776,4.456507813764839,42.27621572449877,32.83886351485402,8.159341057571226,uJy
sg1935+2154,293.73166,21.896608,2,420.22989192816044,510.53762785837773,4.456507813764839,42.27621572449877,52.88823735361659,6.695257115252036,uJy
sg1935+2154,293.73166,21.896608,2,420.22989192816044,513.3656278583777,4.456507813764839,42.27621572449877,59.33822469032668,7.334768996354343,uJy
sg1935+2154,293.73166,21.896608,3,315.84043403395924,520.4624422017149,30.885535388701662,296.916550182514,406.45144721358344,69.03428693533318,uJy
sg1935+2154,293.73166,21.896608,3,315.84043403395924,523.2904422017149,30.885535388701662,296.916550182514,356.4059656153318,78.21794533091699,uJy
sg1935+2154,293.73166,21.896608,3,315.84043403395924,526.1184422017149,30.885535388701662,296.916550182514,118.33822266490944,59.708214942549965,uJy
sg1935+2154,293.73166,21.896608,3,318.6684340339592,520.4624422017149,30.885535388701662,296.916550182514,222.65298778441922,66.83235900338852,uJy
sg1935+2154,293.73166,21.896608,3,318.6684340339592,523.2904422017149,30.885535388701662,296.916550182514,644.0976689689893,77.76954830509642,uJy
sg1935+2154,293.73166,21.896608,3,318.6684340339592,526.1184422017149,30.885535388701662,296.916550182514,248.31065154999663,63.699703225585125,uJy
sg1935+2154,293.73166,21.896608,3,321.4964340339592,520.4624422017149,30.885535388701662,296.916550182514,3.6364361851319673,70.83662365938235,uJy
sg1935+2154,293.73166,21.896608,3,321.4964340339592,523.2904422017149,30.885535388701662,296.916550182514,374.87818175943795,78.13868286507021,uJy
sg1935+2154,293.73166,21.896608,3,321.4964340339592,526.1184422017149,30.885535388701662,296.916550182514,339.80422741903277,66.23721952228601,uJy
sg1935+2154,293.73166,21.896608,3,315.84043403395924,520.4624422017149,56.894407294976745,546.9515398098941,558.3456656031341,69.08888358738578,uJy
sg1935+2154,293.73166,21.896608,3,315.84043403395924,523.2904422017149,56.894407294976745,546.9515398098941,499.03402343705227,78.78356570240084,uJy
sg1935+2154,293.73166,21.896608,3,315.84043403395924,526.1184422017149,56.894407294976745,546.9515398098941,276.5274004354153,59.557491658339195,uJy
sg1935+2154,293.73166,21.896608,3,318.6684340339592,520.4624422017149,56.894407294976745,546.9515398098941,362.54619876272756,66.60015497945392,uJy
sg1935+2154,293.73166,21.896608,3,318.6684340339592,523.2904422017149,56.894407294976745,546.9515398098941,810.0272501299144,77.51110350171969,uJy
sg1935+2154,293.73166,21.896608,3,318.6684340339592,526.1184422017149,56.894407294976745,546.9515398098941,392.4483010752379,64.17358762892385,uJy
sg1935+2154,293.73166,21.896608,3,321.4964340339592,520.4624422017149,56.894407294976745,546.9515398098941,148.6446153724473,70.86807800644759,uJy
sg1935+2154,293.73166,21.896608,3,321.4964340339592,523.2904422017149,56.894407294976745,546.9515398098941,512.6301430754199,78.43352959013774,uJy
sg1935+2154,293.73166,21.896608,3,321.4964340339592,526.1184422017149,56.894407294976745,546.9515398098941,499.3272631930765,66.10328299777797,uJy
1e2259+586,345.28455,58.879013,1,333.9858871997209,321.1158612300215,0.3691870806850452,3.5178913950776245,2.8021965808381815,0.8891919735341028,uJy
1e2259+586,345.28455,58.879013,1,333.9858871997209,323.94386123002147,0.3691870806850452,3.5178913950776245,3.752305176859009,0.9852090813765402,uJy
1e2259+586,345.28455,58.879013,1,333.9858871997209,326.77186123002144,0.3691870806850452,3.5178913950776245,0.7669042477269113,1.9353100756931518,uJy
1e2259+586,345.28455,58.879013,1,336.81388719972085,321.1158612300215,0.3691870806850452,3.5178913950776245,2.868085704121259,0.9869187644203,uJy
1e2259+586,345.28455,58.879013,1,336.81388719972085,323.94386123002147,0.3691870806850452,3.5178913950776245,3.7823024719851857,0.9297837492729275,uJy
1e2259+586,345.28455,58.879013,1,336.81388719972085,326.77186123002144,0.3691870806850452,3.5178913950776245,3.74209558510167,1.1965755191212297,uJy
1e2259+586,345.28455,58.879013,1,339.6418871997208,321.1158612300215,0.3691870806850452,3.5178913950776245,-2.1738628551882906,1.1913119542894461,uJy
1e2259+586,345.28455,58.879013,1,339.6418871997208,323.94386123002147,0.3691870806850452,3.5178913950776245,4.802214486832673,1.0548365024136088,uJy
1e2259+586,345.28455,58.879013,1,339.6418871997208,326.77186123002144,0.3691870806850452,3.5178913950776245,7.2753932952495965,5.631581739231591,uJy
1e2259+586,345.28455,58.879013,1,333.9858871997209,321.1158612300215,0.6800814644198201,6.480326254090361,5.141406661549336,0.8896675012001118,uJy
1e2259+586,345.28455,58.879013,1,333.9858871997209,323.94386123002147,0.6800814644198201,6.480326254090361,6.043187696575697,0.9860967056230946,uJy
1e2259+586,345.28455,58.879013,1,333.9858871997209,326.77186123002144,0.6800814644198201,6.480326254090361,3.099085264875885,1.935963441160647,uJy
1e2259+586,345.28455,58.879013,1,336.81388719972085,321.1158612300215,0.6800814644198201,6.480326254090361,5.145033452881908,0.9890070501571072,uJy
1e2259+586,345.28455,58.879013,1,336.81388719972085,323.94386123002147,0.6800814644198201,6.480326254090361,6.09933100464481,0.9332676747825962,uJy
1e2259+586,345.28455,58.879013,1,336.81388719972085,326.77186123002144,0.6800814644198201,6.480326254090361,6.077676428420965,1.199640236380397,uJy
1e2259+586,345.28455,58.879013,1,339.6418871997208,321.1158612300215,0.6800814644198201,6.480326254090361,0.1538071286536524,1.1907779993667575,uJy
1e2259+586,345.28455,58.879013,1,339.6418871997208,323.94386123002147,0.6800814644198201,6.480326254090361,7.0962535305214995,1.0568157390424902,uJy
1e2259+586,345.28455,58.879013,1,339.6418871997208,326.77186123002144,0.6800814644198201,6.480326254090361,9.621731229680918,5.631448658864636,uJy
1e2259+586,345.28455,58.879013,2,293.437395719592,293.19862503148784,0.09293631867877328,0.881631093514315,2.396187557545124,0.6213935157101446,uJy
1e2259+586,345.28455,58.879013,2,293.437395719592,296.0266250314878,0.09293631867877328,0.881631093514315,5.120211166593934,0.27623494102350304,uJy
1e2259+586,345.28455,58.879013,2,293.437395719592,298.8546250314878,0.09293631867877328,0.881631093514315,3.3771446055462357,0.6575786301039328,uJy
1e2259+586,345.28455,58.879013,2,296.265395719592,293.19862503148784,0.09293631867877328,0.881631093514315,2.909317953852332,0.32277445400175925,uJy
1e2259+586,345.28455,58.879013,2,296.265395719592,296.0266250314878,0.09293631867877328,0.881631093514315,5.5254560160255775,0.2327250555817319,uJy
1e2259+586,345.28455,58.879013,2,296.265395719592,298.8546250314878,0.09293631867877328,0.881631093514315,3.47252535774184,0.6981238638756333,uJy
1e2259+586,345.28455,58.879013,2,299.09339571959197,293.19862503148784,0.09293631867877328,0.881631093514315,-0.4560166377695671,0.8027801371753709,uJy
1e2259+586,345.28455,58.879013,2,299.09339571959197,296.0266250314878,0.09293631867877328,0.881631093514315,1.8466612180040076,0.8091711308540593,uJy
1e2259+586,345.28455,58.879013,2,299.09339571959197,298.8546250314878,0.09293631867877328,0.881631093514315,-0.7825150769909031,2.398380350675354,uJy
1e2259+586,345.28455,58.879013,2,293.437395719592,293.19862503148784,0.17119848177668762,1.6240572775263695,2.983229155177123,0.6223451924078238,uJy
1e2259+586,345.28455,58.879013,2,293.437395719592,296.0266250314878,0.17119848177668762,1.6240572775263695,5.704240075615399,0.2772131312704949,uJy
1e2259+586,345.28455,58.879013,2,293.437395719592,298.8546250314878,0.17119848177668762,1.6240572775263695,3.9567608275491284,0.6574098690336276,uJy
1e2259+586,345.28455,58.879013,2,296.265395719592,293.19862503148784,0.17119848177668762,1.6240572775263695,3.4910260688801538,0.3228301599827622,uJy
1e2259+586,345.28455,58.879013,2,296.265395719592,296.0266250314878,0.17119848177668762,1.6240572775263695,6.086048124865258,0.23334893470824458,uJy
1e2259+586,345.28455,58.879013,2,296.265395719592,298.8546250314878,0.17119848177668762,1.6240572775263695,4.05730549990593,0.6986392769086025,uJy
1e2259+586,345.28455,58.879013,2,299.09339571959197,293.19862503148784,0.17119848177668762,1.6240572775263695,0.13110443161191362,0.803549226499685,uJy
1e2259+586,345.28455,58.879013,2,299.09339571959197,296.0266250314878,0.17119848177668762,1.6240572775263695,2.4365356706646506,0.8089670816023893,uJy
1e2259+586,345.28455,58.879013,2,299.09339571959197,298.8546250314878,0.17119848177668762,1.6240572775263695,-0.19404301483882597,2.3980605807528987,uJy
1e2259+586,345.28455,58.879013,3,321.8270909368241,322.8149278548616,2.6203616968378562,25.19071615446589,3.1945336628662657,5.4170140197165075,uJy
1e2259+586,345.28455,58.879013,3,321.8270909368241,325.64292785486157,2.6203616968378562,25.19071615446589,20.005857952735028,4.490890583115114,uJy
1e2259+586,345.28455,58.879013,3,321.8270909368241,328.47092785486154,2.6203616968378562,25.19071615446589,28.46582044055695,5.992950653207611,uJy
1e2259+586,345.28455,58.879013,3,324.6550909368241,322.8149278548616,2.6203616968378562,25.19071615446589,5.798014041805501,6.559714334368166,uJy
1e2259+586,345.28455,58.879013,3,324.6550909368241,325.64292785486157,2.6203616968378562,25.19071615446589,13.591036437053466,6.645923909196732,uJy
1e2259+586,345.28455,58.879013,3,324.6550909368241,328.47092785486154,2.6203616968378562,25.19071615446589,1.1269051311946474,6.928306725595385,uJy
1e2259+586,345.28455,58.879013,3,327.48309093682406,322.8149278548616,2.6203616968378562,25.19071615446589,9.552460152463103,7.130357497382475,uJy
1e2259+586,345.28455,58.879013,3,327.48309093682406,325.64292785486157,2.6203616968378562,25.19071615446589,31.544939963460344,6.784784991159948,uJy
1e2259+586,345.28455,58.879013,3,327.48309093682406,328.47092785486154,2.6203616968378562,25.19071615446589,22.681976548409462,6.529320276218684,uJy
1e2259+586,345.28455,58.879013,3,321.8270909368241,322.8149278548616,4.826982073122367,46.40395081085822,14.152391172968503,5.434519689268315,uJy
1e2259+586,345.28455,58.879013,3,321.8270909368241,325.64292785486157,4.826982073122367,46.40395081085822,32.62393568209773,4.5272523604499275,uJy
1e2259+586,345.28455,58.879013,3,321.8270909368241,328.47092785486154,4.826982073122367,46.40395081085822,39.53497996482812,6.012406836072066,uJy
1e2259+586,345.28455,58.879013,3,324.6550909368241,322.8149278548616,4.826982073122367,46.40395081085822,18.83848399167629,6.594319875284916,uJy
1e2259+586,345.28455,58.879013,3,324.6550909368241,325.64292785486157,4.826982073122367,46.40395081085822,24.662854414971825,6.6646736255694945,uJy
1e2259+586,345.28455,58.879013,3,324.6550909368241,328.47092785486154,4.826982073122367,46.40395081085822,13.20453384887781,6.9198798795013285,uJy
1e2259+586,345.28455,58.879013,3,327.48309093682406,322.8149278548616,4.826982073122367,46.40395081085822,23.175101421957883,7.0975830749401645,uJy
1e2259+586,345.28455,58.879013,3,327.48309093682406,325.64292785486157,4.826982073122367,46.40395081085822,42.08008162761746,6.815664131921114,uJy
1e2259+586,345.28455,58.879013,3,327.48309093682406,328.47092785486154,4.826982073122367,46.40395081085822,34.99463602326227,6.556845765057443,uJy
1e2259+586,345.28455,58.879013,4,293.53125991337953,290.83626069464907,0.5983568333002798,6.188128583603166,8.539508873208902,1.6967427697839255,uJy
1e2259+586,345.28455,58.879013,4,293.53125991337953,293.66426069464904,0.5983568333002798,6.188128583603166,13.707315053263732,2.0694991032709544,uJy
1e2259+586,345.28455,58.879013,4,293.53125991337953,296.492260694649,0.5983568333002798,6.188128583603166,1.4269942818900294,2.048619418077867,uJy
1e2259+586,345.28455,58.879013,4,296.3592599133795,290.83626069464907,0.5983568333002798,6.188128583603166,4.0792574466646,1.5977129084572537,uJy
1e2259+586,345.28455,58.879013,4,296.3592599133795,293.66426069464904,0.5983568333002798,6.188128583603166,6.837425076572003,1.6325939782594678,uJy
1e2259+586,345.28455,58.879013,4,296.3592599133795,296.492260694649,0.5983568333002798,6.188128583603166,-0.05214475572207012,2.1594801134561594,uJy
1e2259+586,345.28455,58.879013,4,299.1872599133795,290.83626069464907,0.5983568333002798,6.188128583603166,-9.49410490961592,1.8597472802714474,uJy
1e2259+586,345.28455,58.879013,4,299.1872599133795,293.66426069464904,0.5983568333002798,6.188128583603166,-7.125707379506156,2.5859836685442037,uJy
1e2259+586,345.28455,58.879013,4,299.1872599133795,296.492260694649,0.5983568333002798,6.188128583603166,-3.8265101301949094,3.140892747102104,uJy
1e2259+586,345.28455,58.879013,4,293.53125991337953,290.83626069464907,1.1022362718689365,11.3991842329532,11.198591821179953,1.6995283152643264,uJy
1e2259+586,345.28455,58.879013,4,293.53125991337953,293.66426069464904,1.1022362718689365,11.3991842329532,16.0048265634936,2.0707711966420503,uJy
1e2259+586,345.28455,58.879013,4,293.53125991337953,296.492260694649,1.1022362718689365,11.3991842329532,3.7678555294875364,2.0535574156750878,uJy
1e2259+586,345.28455,58.879013,4,296.3592599133795,290.83626069464907,1.1022362718689365,11.3991842329532,6.412550196114587,1.588205396292558,uJy
1e2259+586,345.28455,58.879013,4,296.3592599133795,293.66426069464904,1.1022362718689365,11.3991842329532,9.317185400665881,1.6367226334553333,uJy
1e2259+586,345.28455,58.879013,4,296.3592599133795,296.492260694649,1.1022362718689365,11.3991842329532,2.474044249559962,2.1706148602589894,uJy
1e2259+586,345.28455,58.879013,4,299.1872599133795,290.83626069464907,1.1022362718689365,11.3991842329532,-7.263414625268172,1.860408691393396,uJy
1e2259+586,345.28455,58.879013,4,299.1872599133795,293.66426069464904,1.1022362718689365,11.3991842329532,-4.440745115824873,2.5830963162295535,uJy
1e2259+586,345.28455,58.879013,4,299.1872599133795,296.492260694649,1.1022362718689365,11.3991842329532,-1.3724209765482465,3.1420324415562537,uJy
sg0755-2933,118.92699,-29.563665,1,140.61437788180902,526.216099982298,1722.1950896532842,16410.366460533733,nan,nan,uJy
sg0755-2933,118.92699,-29.563665,1,140.61437788180902,529.044099982298,1722.1950896532842,16410.366460533733,nan,nan,uJy
sg0755-2933,118.92699,-29.563665,1,140.61437788180902,531.872099982298,1722.1950896532842,16410.366460533733,nan,nan,uJy
sg0755-2933,118.92699,-29.563665,1,143.44237788180902,526.216099982298,1722.1950896532842,16410.366460533733,12799.191387340576,3027.9062419006787,uJy
sg0755-2933,118.92699,-29.563665,1,143.44237788180902,529.044099982298,1722.1950896532842,16410.366460533733,16750.15683698483,4320.328696863047,uJy
sg0755-2933,118.92699,-29.563665,1,143.44237788180902,531.872099982298,1722.1950896532842,16410.366460533733,16492.84896423273,4238.619468079941,uJy
sg0755-2933,118.92699,-29.563665,1,146.27037788180903,526.216099982298,1722.1950896532842,16410.366460533733,12700.616440204047,140.81303721213473,uJy
sg0755-2933,118.92699,-29.563665,1,146.27037788180903,529.044099982298,1722.1950896532842,16410.366460533733,13090.216340526045,275.42066897373985,uJy
sg0755-2933,118.92699,-29.563665,1,146.27037788180903,531.872099982298,1722.1950896532842,16410.366460533733,13231.429362684936,258.7787941727663,uJy
sg0755-2933,118.92699,-29.563665,1,140.61437788180902,526.216099982298,3172.4646388349975,30229.622427298986,nan,nan,uJy
sg0755-2933,118.92699,-29.563665,1,140.61437788180902,529.044099982298,3172.4646388349975,30229.622427298986,nan,nan,uJy
sg0755-2933,118.92699,-29.563665,1,140.61437788180902,531.872099982298,3172.4646388349975,30229.622427298986,nan,nan,uJy
sg0755-2933,118.92699,-29.563665,1,143.44237788180902,526.216099982298,3172.4646388349975,30229.622427298986,23525.574153154048,3027.843708353444,uJy
sg0755-2933,118.92699,-29.563665,1,143.44237788180902,529.044099982298,3172.4646388349975,30229.622427298986,27476.974025168718,4322.54900970135,uJy
sg0755-2933,118.92699,-29.563665,1,143.44237788180902,531.872099982298,3172.4646388349975,30229.622427298986,27147.90838244051,4227.760940281169,uJy
sg0755-2933,118.92699,-29.563665,1,146.27037788180903,526.216099982298,3172.4646388349975,30229.622427298986,23574.453628444637,162.9974783746413,uJy
sg0755-2933,118.92699,-29.563665,1,146.27037788180903,529.044099982298,3172.4646388349975,30229.622427298986,23748.491825791152,286.7521709936844,uJy
sg0755-2933,118.92699,-29.563665,1,146.27037788180903,531.872099982298,3172.4646388349975,30229.622427298986,23897.409355113658,263.6537378682863,uJy
sg0755-2933,118.92699,-29.563665,2,440.7176551648971,481.1252453981613,1311.7955832940472,12444.21762136065,17151.214771511226,7095.814392669862,uJy
sg0755-2933,118.92699,-29.563665,2,440.7176551648971,483.9532453981613,1311.7955832940472,12444.21762136065,33159.1929575779,7044.610233134755,uJy
sg0755-2933,118.92699,-29.563665,2,440.7176551648971,486.7812453981613,1311.7955832940472,12444.21762136065,26617.641197468,7649.058448227978,uJy
sg0755-2933,118.92699,-29.563665,2,443.5456551648971,481.1252453981613,1311.7955832940472,12444.21762136065,9961.400965137102,1727.073908993183,uJy
sg0755-2933,118.92699,-29.563665,2,443.5456551648971,483.9532453981613,1311.7955832940472,12444.21762136065,11131.892297495844,3271.9952747579528,uJy
sg0755-2933,118.92699,-29.563665,2,443.5456551648971,486.7812453981613,1311.7955832940472,12444.21762136065,11720.671779161123,2726.8936386298174,uJy
sg0755-2933,118.92699,-29.563665,2,446.37365516489706,481.1252453981613,1311.7955832940472,12444.21762136065,9607.486862861038,95.83285016034078,uJy
sg0755-2933,118.92699,-29.563665,2,446.37365516489706,483.9532453981613,1311.7955832940472,12444.21762136065,9644.187048217394,254.9668338262761,uJy
sg0755-2933,118.92699,-29.563665,2,446.37365516489706,486.7812453981613,1311.7955832940472,12444.21762136065,9768.994006228544,271.0048599798871,uJy
sg0755-2933,118.92699,-29.563665,2,440.7176551648971,481.1252453981613,2416.4655481732448,22923.558776190675,25205.996855987316,7100.306396469447,uJy
sg0755-2933,118.92699,-29.563665,2,440.7176551648971,483.9532453981613,2416.4655481732448,22923.558776190675,41172.45379551488,7045.689002340312,uJy
sg0755-2933,118.92699,-29.563665,2,440.7176551648971,486.7812453981613,2416.4655481732448,22923.558776190675,34543.983289851385,7639.974516966415,uJy
sg0755-2933,118.92699,-29.563665,2,443.5456551648971,481.1252453981613,2416.4655481732448,22923.558776190675,18061.478470917515,1726.84707497249,uJy
sg0755-2933,118.92699,-29.563665,2,443.5456551648971,483.9532453981613,2416.4655481732448,22923.558776190675,19147.99226864758,3270.0377309017963,uJy
sg0755-2933,118.92699,-29.563665,2,443.5456551648971,486.7812453981613,2416.4655481732448,22923.558776190675,19777.16525443311,2720.7966976308103,uJy
sg0755-2933,118.92699,-29.563665,2,446.37365516489706,481.1252453981613,2416.4655481732448,22923.558776190675,17718.397079380586,113.36717054826235,uJy
sg0755-2933,118.92699,-29.563665,2,446.37365516489706,483.9532453981613,2416.4655481732448,22923.558776190675,17756.739766507533,259.1488216092291,uJy
sg0755-2933,118.92699,-29.563665,2,446.37365516489706,486.7812453981613,2416.4655481732448,22923.558776190675,17934.675184053856,270.7129887802138,uJy
sg1801-23,270.24582,-22.946667,1,692.334808496131,566.5212985103952,559.3254469144382,5329.672352285954,4429.919425076768,175.30990159987357,uJy
sg1801-23,270.24582,-22.946667,1,692.334808496131,569.3492985103952,559.3254469144382,5329.672352285954,3968.938483715952,120.82697739199838,uJy
sg1801-23,270.24582,-22.946667,1,692.334808496131,572.1772985103952,559.3254469144382,5329.672352285954,4377.15411257811,71.84929426038074,uJy
sg1801-23,270.24582,-22.946667,1,695.162808496131,566.5212985103952,559.3254469144382,5329.672352285954,4895.767726094239,1440.7229369725835,uJy
sg1801-23,270.24582,-22.946667,1,695.162808496131,569.3492985103952,559.3254469144382,5329.672352285954,4829.936143237912,1400.6471358516244,uJy
sg1801-23,270.24582,-22.946667,1,695.162808496131,572.1772985103952,559.3254469144382,5329.672352285954,4309.969291131087,434.2388035545188,uJy
sg1801-23,270.24582,-22.946667,1,697.990808496131,566.5212985103952,559.3254469144382,5329.672352285954,10365.581561795065,449.20667550703587,uJy
sg1801-23,270.24582,-22.946667,1,697.990808496131,569.3492985103952,559.3254469144382,5329.672352285954,9943.60670498103,511.6738983387421,uJy
sg1801-23,270.24582,-22.946667,1,697.990808496131,572.1772985103952,559.3254469144382,5329.672352285954,4948.154723917544,1457.4223966173824,uJy
sg1801-23,270.24582,-22.946667,1,692.334808496131,566.5212985103952,1030.3363495792282,9817.817491053072,7936.700857543499,180.4359476214614,uJy
sg1801-23,270.24582,-22.946667,1,692.334808496131,569.3492985103952,1030.3363495792282,9817.817491053072,7400.983579773457,121.89006853834681,uJy
sg1801-23,270.24582,-22.946667,1,692.334808496131,572.1772985103952,1030.3363495792282,9817.817491053072,7867.005788036809,79.79015500001509,uJy
sg1801-23,270.24582,-22.946667,1,695.162808496131,566.5212985103952,1030.3363495792282,9817.817491053072,8407.008320160807,1445.7040649573146,uJy
sg1801-23,270.24582,-22.946667,1,695.162808496131,569.3492985103952,1030.3363495792282,9817.817491053072,8235.181111658962,1399.2260374869409,uJy
sg1801-23,270.24582,-22.946667,1,695.162808496131,572.1772985103952,1030.3363495792282,9817.817491053072,7788.916267640144,433.1109575230077,uJy
sg1801-23,270.24582,-22.946667,1,697.990808496131,566.5212985103952,1030.3363495792282,9817.817491053072,13896.400655440988,458.79721105082774,uJy
sg1801-23,270.24582,-22.946667,1,697.990808496131,569.3492985103952,1030.3363495792282,9817.817491053072,13442.865510805026,512.4621922950818,uJy
sg1801-23,270.24582,-22.946667,1,697.990808496131,572.1772985103952,1030.3363495792282,9817.817491053072,8428.34127533488,1457.1899022423613,uJy
sg1801-23,270.24582,-22.946667,2,447.9570179471912,532.1691793215668,366.422928225446,3476.0344663178716,2682.2917251560216,53.95324662560565,uJy
sg1801-23,270.24582,-22.946667,2,447.9570179471912,534.9971793215668,366.422928225446,3476.0344663178716,2872.8161536519297,115.11127622568803,uJy
sg1801-23,270.24582,-22.946667,2,447.9570179471912,537.8251793215668,366.422928225446,3476.0344663178716,2651.5276754997853,205.78728817091866,uJy
sg1801-23,270.24582,-22.946667,2,450.7850179471912,532.1691793215668,366.422928225446,3476.0344663178716,2713.2797467684754,119.57360041911859,uJy
sg1801-23,270.24582,-22.946667,2,450.7850179471912,534.9971793215668,366.422928225446,3476.0344663178716,3015.6028147932298,918.4104946622042,uJy
sg1801-23,270.24582,-22.946667,2,450.7850179471912,537.8251793215668,366.422928225446,3476.0344663178716,3742.727577097703,907.9330224157761,uJy
sg1801-23,270.24582,-22.946667,2,453.61301794719117,532.1691793215668,366.422928225446,3476.0344663178716,2645.6246219002965,517.6916887350575,uJy
sg1801-23,270.24582,-22.946667,2,453.61301794719117,534.9971793215668,366.422928225446,3476.0344663178716,4884.133626991369,700.9081358692675,uJy
sg1801-23,270.24582,-22.946667,2,453.61301794719117,537.8251793215668,366.422928225446,3476.0344663178716,7493.99927951358,138.22127401511915,uJy
sg1801-23,270.24582,-22.946667,2,447.9570179471912,532.1691793215668,674.9896046258217,6403.221385322397,4930.371703408243,57.32447638956809,uJy
sg1801-23,270.24582,-22.946667,2,447.9570179471912,534.9971793215668,674.9896046258217,6403.221385322397,5165.276221927781,118.90970293972511,uJy
sg1801-23,270.24582,-22.946667,2,447.9570179471912,537.8251793215668,674.9896046258217,6403.221385322397,4913.761448556138,207.86736612967124,uJy
sg1801-23,270.24582,-22.946667,2,450.7850179471912,532.1691793215668,674.9896046258217,6403.221385322397,4998.436555103875,121.63986684648049,uJy
sg1801-23,270.24582,-22.946667,2,450.7850179471912,534.9971793215668,674.9896046258217,6403.221385322397,5293.378109135151,921.559046334403,uJy
sg1801-23,270.24582,-22.946667,2,450.7850179471912,537.8251793215668,674.9896046258217,6403.221385322397,6046.218587662889,911.134656892299,uJy
sg1801-23,270.24582,-22.946667,2,453.61301794719117,532.1691793215668,674.9896046258217,6403.221385322397,4860.949634468008,516.5029386375777,uJy
sg1801-23,270.24582,-22.946667,2,453.61301794719117,534.9971793215668,674.9896046258217,6403.221385322397,7162.412712547304,702.9690911792956,uJy
sg1801-23,270.24582,-22.946667,2,453.61301794719117,537.8251793215668,674.9896046258217,6403.221385322397,9757.417623494197,144.99505576642647,uJy
sg1801-23,270.24582,-22.946667,3,681.6064511320417,561.2493393540127,211.84001885544478,2036.5134292658759,nan,nan,uJy
sg1801-23,270.24582,-22.946667,3,681.6064511320417,564.0773393540127,211.84001885544478,2036.5134292658759,nan,nan,uJy
sg1801-23,270.24582,-22.946667,3,681.6064511320417,566.9053393540127,211.84001885544478,2036.5134292658759,1370.5558897066028,133.318821843032,uJy
sg1801-23,270.24582,-22.946667,3,684.4344511320417,561.2493393540127,211.84001885544478,2036.5134292658759,1354.1973293915216,570.8790234018029,uJy
sg1801-23,270.24582,-22.946667,3,684.4344511320417,564.0773393540127,211.84001885544478,2036.5134292658759,1151.8690621754592,535.156918450857,uJy
sg1801-23,270.24582,-22.946667,3,684.4344511320417,566.9053393540127,211.84001885544478,2036.5134292658759,720.4868921298214,241.7791535775837,uJy
sg1801-23,270.24582,-22.946667,3,687.2624511320416,561.2493393540127,211.84001885544478,2036.5134292658759,3407.616230091137,264.92025782735396,uJy
sg1801-23,270.24582,-22.946667,3,687.2624511320416,564.0773393540127,211.84001885544478,2036.5134292658759,3649.5912343024193,221.4394491048769,uJy
sg1801-23,270.24582,-22.946667,3,687.2624511320416,566.9053393540127,211.84001885544478,2036.5134292658759,1110.0903671369344,554.8164871411645,uJy
sg1801-23,270.24582,-22.946667,3,681.6064511320417,561.2493393540127,390.23161368108254,3751.4721065424033,nan,nan,uJy
sg1801-23,270.24582,-22.946667,3,681.6064511320417,564.0773393540127,390.23161368108254,3751.4721065424033,nan,nan,uJy
sg1801-23,270.24582,-22.946667,3,681.6064511320417,566.9053393540127,390.23161368108254,3751.4721065424033,2377.392559598452,137.44419694191578,uJy
sg1801-23,270.24582,-22.946667,3,684.4344511320417,561.2493393540127,390.23161368108254,3751.4721065424033,2431.510263478469,572.370176969523,uJy
sg1801-23,270.24582,-22.946667,3,684.4344511320417,564.0773393540127,390.23161368108254,3751.4721065424033,2278.414575564736,534.8803982264751,uJy
sg1801-23,270.24582,-22.946667,3,684.4344511320417,566.9053393540127,390.23161368108254,3751.4721065424033,1696.6449346985296,240.85510963605068,uJy
sg1801-23,270.24582,-22.946667,3,687.2624511320416,561.2493393540127,390.23161368108254,3751.4721065424033,4351.561946202827,268.7615042292339,uJy
sg1801-23,270.24582,-22.946667,3,687.2624511320416,564.0773393540127,390.23161368108254,3751.4721065424033,4670.329415869872,223.99528079084865,uJy
sg1801-23,270.24582,-22.946667,3,687.2624511320416,566.9053393540127,390.23161368108254,3751.4721065424033,2042.2185316743003,556.2988805456572,uJy
sg1801-23,270.24582,-22.946667,4,450.42421109487157,535.2027030621789,118.97975421845855,1230.47315075925,539.6089137298993,188.85840572912014,uJy
sg1801-23,270.24582,-22.946667,4,450.42421109487157,538.0307030621789,118.97975421845855,1230.47315075925,844.9381639383093,218.820921879767,uJy
sg1801-23,270.24582,-22.946667,4,450.42421109487157,540.8587030621788,118.97975421845855,1230.47315075925,1029.492045025928,285.0727297829671,uJy
sg1801-23,270.24582,-22.946667,4,453.25221109487154,535.2027030621789,118.97975421845855,1230.47315075925,-51.83720254968212,223.9903874547182,uJy
sg1801-23,270.24582,-22.946667,4,453.25221109487154,538.0307030621789,118.97975421845855,1230.47315075925,685.397493095951,325.78386371366145,uJy
sg1801-23,270.24582,-22.946667,4,453.25221109487154,540.8587030621788,118.97975421845855,1230.47315075925,1238.6745207729502,334.9494175290538,uJy
sg1801-23,270.24582,-22.946667,4,456.0802110948715,535.2027030621789,118.97975421845855,1230.47315075925,650.0411252961308,267.29236488141436,uJy
sg1801-23,270.24582,-22.946667,4,456.0802110948715,538.0307030621789,118.97975421845855,1230.47315075925,1287.4141385861637,299.08592702748075,uJy
sg1801-23,270.24582,-22.946667,4,456.0802110948715,540.8587030621788,118.97975421845855,1230.47315075925,2675.4430975775435,244.2909408323571,uJy
sg1801-23,270.24582,-22.946667,4,450.42421109487157,535.2027030621789,219.17323145505523,2266.6610671880926,990.4155725736828,190.32033831908004,uJy
sg1801-23,270.24582,-22.946667,4,450.42421109487157,538.0307030621789,219.17323145505523,2266.6610671880926,1307.3683410803023,220.84899834983605,uJy
sg1801-23,270.24582,-22.946667,4,450.42421109487157,540.8587030621788,219.17323145505523,2266.6610671880926,1513.0572735422966,286.4982742889664,uJy
sg1801-23,270.24582,-22.946667,4,453.25221109487154,535.2027030621789,219.17323145505523,2266.6610671880926,419.801122982871,224.34689785016724,uJy
sg1801-23,270.24582,-22.946667,4,453.25221109487154,538.0307030621789,219.17323145505523,2266.6610671880926,1172.8675293952115,327.5863296376104,uJy
sg1801-23,270.24582,-22.946667,4,453.25221109487154,540.8587030621788,219.17323145505523,2266.6610671880926,1687.8831958836545,337.33705428455005,uJy
sg1801-23,270.24582,-22.946667,4,456.0802110948715,535.2027030621789,219.17323145505523,2266.6610671880926,1167.8289765787868,266.44170312011653,uJy
sg1801-23,270.24582,-22.946667,4,456.0802110948715,538.0307030621789,219.17323145505523,2266.6610671880926,1743.472620136422,299.3703247045274,uJy
sg1801-23,270.24582,-22.946667,4,456.0802110948715,540.8587030621788,219.17323145505523,2266.6610671880926,3131.9822396572713,245.22320964420445,uJy
sg1808-20,272.04666,-20.646944,1,389.0335343428584,380.83888681966044,49.956884925401106,476.02666723291577,191.59149706108207,101.100635917984,uJy
sg1808-20,272.04666,-20.646944,1,389.0335343428584,383.6668868196604,49.956884925401106,476.02666723291577,754.7262720323588,91.8390888960919,uJy
sg1808-20,272.04666,-20.646944,1,389.0335343428584,386.4948868196604,49.956884925401106,476.02666723291577,1224.2365635511978,63.51756149321693,uJy
sg1808-20,272.04666,-20.646944,1,391.86153434285836,380.83888681966044,49.956884925401106,476.02666723291577,297.936924105403,112.45542299498472,uJy
sg1808-20,272.04666,-20.646944,1,391.86153434285836,383.6668868196604,49.956884925401106,476.02666723291577,956.0929148369004,125.33662145208567,uJy
sg1808-20,272.04666,-20.646944,1,391.86153434285836,386.4948868196604,49.956884925401106,476.02666723291577,1480.7399560854353,69.75616568882121,uJy
sg1808-20,272.04666,-20.646944,1,394.68953434285834,380.83888681966044,49.956884925401106,476.02666723291577,345.80217007043774,82.5280644727032,uJy
sg1808-20,272.04666,-20.646944,1,394.68953434285834,383.6668868196604,49.956884925401106,476.02666723291577,251.40065710759026,218.90879692796722,uJy
sg1808-20,272.04666,-20.646944,1,394.68953434285834,386.4948868196604,49.956884925401106,476.02666723291577,565.698142615934,691.9358843324468,uJy
sg1808-20,272.04666,-20.646944,1,389.0335343428584,380.83888681966044,92.02584065205467,876.8912291132659,509.9520290809789,101.00176873984277,uJy
sg1808-20,272.04666,-20.646944,1,389.0335343428584,383.6668868196604,92.02584065205467,876.8912291132659,1067.4788548420183,92.23459468523629,uJy
sg1808-20,272.04666,-20.646944,1,389.0335343428584,386.4948868196604,92.02584065205467,876.8912291132659,1538.3726402033587,63.75781545999432,uJy
sg1808-20,272.04666,-20.646944,1,391.86153434285836,380.83888681966044,92.02584065205467,876.8912291132659,593.4063469948993,112.18263161523507,uJy
sg1808-20,272.04666,-20.646944,1,391.86153434285836,383.6668868196604,92.02584065205467,876.8912291132659,1262.8263381844713,125.40874455242397,uJy
sg1808-20,272.04666,-20.646944,1,391.86153434285836,386.4948868196604,92.02584065205467,876.8912291132659,1795.613522408791,70.11057795106501,uJy
sg1808-20,272.04666,-20.646944,1,394.68953434285834,380.83888681966044,92.02584065205467,876.8912291132659,663.2966225893982,82.65533778804888,uJy
sg1808-20,272.04666,-20.646944,1,394.68953434285834,383.6668868196604,92.02584065205467,876.8912291132659,571.3896233926854,219.3021793748678,uJy
sg1808-20,272.04666,-20.646944,1,394.68953434285834,386.4948868196604,92.02584065205467,876.8912291132659,878.9305511202012,692.1874287521744,uJy
sg1808-20,272.04666,-20.646944,2,464.195591234582,577.0767868076939,23.90480577547178,226.77054950843552,123.09463400259617,77.90119826025217,uJy
sg1808-20,272.04666,-20.646944,2,464.195591234582,579.9047868076939,23.90480577547178,226.77054950843552,587.9487858891972,46.364091563165424,uJy
sg1808-20,272.04666,-20.646944,2,464.195591234582,582.7327868076939,23.90480577547178,226.77054950843552,639.299668618262,49.25589259752868,uJy
sg1808-20,272.04666,-20.646944,2,467.023591234582,577.0767868076939,23.90480577547178,226.77054950843552,-79.38758661522867,75.42205822603896,uJy
sg1808-20,272.04666,-20.646944,2,467.023591234582,579.9047868076939,23.90480577547178,226.77054950843552,259.08704685294634,59.721750912887316,uJy
sg1808-20,272.04666,-20.646944,2,467.023591234582,582.7327868076939,23.90480577547178,226.77054950843552,550.7466248507084,159.4269228679152,uJy
sg1808-20,272.04666,-20.646944,2,469.851591234582,577.0767868076939,23.90480577547178,226.77054950843552,-91.11083285638095,54.18819155989663,uJy
sg1808-20,272.04666,-20.646944,2,469.851591234582,579.9047868076939,23.90480577547178,226.77054950843552,118.8634148140967,79.06870342265697,uJy
sg1808-20,272.04666,-20.646944,2,469.851591234582,582.7327868076939,23.90480577547178,226.77054950843552,-36.2326023834467,247.38114951560385,uJy
sg1808-20,272.04666,-20.646944,2,464.195591234582,577.0767868076939,44.03516853376381,417.73522277869705,268.00610670897964,77.93129623794268,uJy
sg1808-20,272.04666,-20.646944,2,464.195591234582,579.9047868076939,44.03516853376381,417.73522277869705,736.0219222141743,46.514378595270514,uJy
sg1808-20,272.04666,-20.646944,2,464.195591234582,582.7327868076939,44.03516853376381,417.73522277869705,785.3716067585232,49.270644252790106,uJy
sg1808-20,272.04666,-20.646944,2,467.023591234582,577.0767868076939,44.03516853376381,417.73522277869705,66.3022004123956,75.39292612514035,uJy
sg1808-20,272.04666,-20.646944,2,467.023591234582,579.9047868076939,44.03516853376381,417.73522277869705,405.2614734907985,59.767017813230744,uJy
sg1808-20,272.04666,-20.646944,2,467.023591234582,582.7327868076939,44.03516853376381,417.73522277869705,690.0505826908352,159.35801961561702,uJy
sg1808-20,272.04666,-20.646944,2,469.851591234582,577.0767868076939,44.03516853376381,417.73522277869705,59.39966142797173,54.371773871936796,uJy
sg1808-20,272.04666,-20.646944,2,469.851591234582,579.9047868076939,44.03516853376381,417.73522277869705,265.5143530085922,79.14436001770044,uJy
sg1808-20,272.04666,-20.646944,2,469.851591234582,582.7327868076939,44.03516853376381,417.73522277869705,97.4196713636637,247.29557051457837,uJy
sg1808-20,272.04666,-20.646944,3,645.3282695575178,574.1787864677818,31.938601088681764,307.0401446359877,165.00585699875393,81.68564666019823,uJy
sg1808-20,272.04666,-20.646944,3,645.3282695575178,577.0067864677818,31.938601088681764,307.0401446359877,599.989363372184,106.74737711638264,uJy
sg1808-20,272.04666,-20.646944,3,645.3282695575178,579.8347864677818,31.938601088681764,307.0401446359877,476.6375690380626,54.396965776139815,uJy
sg1808-20,272.04666,-20.646944,3,648.1562695575178,574.1787864677818,31.938601088681764,307.0401446359877,-45.249341456617046,86.36928532918508,uJy
sg1808-20,272.04666,-20.646944,3,648.1562695575178,577.0067864677818,31.938601088681764,307.0401446359877,214.8669677406963,80.52988611005043,uJy
sg1808-20,272.04666,-20.646944,3,648.1562695575178,579.8347864677818,31.938601088681764,307.0401446359877,-64.02238481930235,105.80622565371657,uJy
sg1808-20,272.04666,-20.646944,3,650.9842695575178,574.1787864677818,31.938601088681764,307.0401446359877,-16.249004488284328,92.95989436968196,uJy
sg1808-20,272.04666,-20.646944,3,650.9842695575178,577.0067864677818,31.938601088681764,307.0401446359877,-8.004854577158019,106.43628380179135,uJy
sg1808-20,272.04666,-20.646944,3,650.9842695575178,579.8347864677818,31.938601088681764,307.0401446359877,321.0958620587561,191.32188938897121,uJy
sg1808-20,272.04666,-20.646944,3,645.3282695575178,574.1787864677818,58.83426516336115,565.6002664347143,325.7333255631045,81.50507126837803,uJy
sg1808-20,272.04666,-20.646944,3,645.3282695575178,577.0067864677818,58.83426516336115,565.6002664347143,761.9914314220341,106.63715429760991,uJy
sg1808-20,272.04666,-20.646944,3,645.3282695575178,579.8347864677818,58.83426516336115,565.6002664347143,643.2001320171595,54.5669923557114,uJy
sg1808-20,272.04666,-20.646944,3,648.1562695575178,574.1787864677818,58.83426516336115,565.6002664347143,119.3643901598029,86.22470769379937,uJy
sg1808-20,272.04666,-20.646944,3,648.1562695575178,577.0067864677818,58.83426516336115,565.6002664347143,361.62005545760695,80.33932472612383,uJy
sg1808-20,272.04666,-20.646944,3,648.1562695575178,579.8347864677818,58.83426516336115,565.6002664347143,102.34933670178094,105.62358885191135,uJy
sg1808-20,272.04666,-20.646944,3,650.9842695575178,574.1787864677818,58.83426516336115,565.6002664347143,136.00408031634913,92.94182828086282,uJy
sg1808-20,272.04666,-20.646944,3,650.9842695575178,577.0067864677818,58.83426516336115,565.6002664347143,140.0074277455628,106.28064169469027,uJy
sg1808-20,272.04666,-20.646944,3,650.9842695575178,579.8347864677818,58.83426516336115,565.6002664347143,475.92682939132163,191.14114577432812,uJy
sg1808-20,272.04666,-20.646944,4,512.5333146319467,467.13098623511075,26.871493513078505,277.9014926181012,222.07837796073946,99.12380242597337,uJy
sg1808-20,272.04666,-20.646944,4,512.5333146319467,469.95898623511073,26.871493513078505,277.9014926181012,-9.830372577348054,90.67557517744082,uJy
sg1808-20,272.04666,-20.646944,4,512.5333146319467,472.7869862351107,26.871493513078505,277.9014926181012,198.72289606056492,85.90629263314695,uJy
sg1808-20,272.04666,-20.646944,4,515.3613146319467,467.13098623511075,26.871493513078505,277.9014926181012,262.7191649795885,90.38166686156084,uJy
sg1808-20,272.04666,-20.646944,4,515.3613146319467,469.95898623511073,26.871493513078505,277.9014926181012,-105.69015578904649,72.95295876255523,uJy
sg1808-20,272.04666,-20.646944,4,515.3613146319467,472.7869862351107,26.871493513078505,277.9014926181012,39.01157677441702,95.42485919296294,uJy
sg1808-20,272.04666,-20.646944,4,518.1893146319467,467.13098623511075,26.871493513078505,277.9014926181012,266.18262695252463,83.57011605442109,uJy
sg1808-20,272.04666,-20.646944,4,518.1893146319467,469.95898623511073,26.871493513078505,277.9014926181012,347.98067100483354,76.78316771226275,uJy
sg1808-20,272.04666,-20.646944,4,518.1893146319467,472.7869862351107,26.871493513078505,277.9014926181012,180.68650053552122,77.81616212680274,uJy
sg1808-20,272.04666,-20.646944,4,512.5333146319467,467.13098623511075,49.50011962935515,511.9238021912392,326.33984845453176,99.45350905759744,uJy
sg1808-20,272.04666,-20.646944,4,512.5333146319467,469.95898623511073,49.50011962935515,511.9238021912392,105.86890530883738,90.1844307546133,uJy
sg1808-20,272.04666,-20.646944,4,512.5333146319467,472.7869862351107,49.50011962935515,511.9238021912392,302.24219144236366,85.8424538939878,uJy
sg1808-20,272.04666,-20.646944,4,515.3613146319467,467.13098623511075,49.50011962935515,511.9238021912392,358.2629101807501,90.39720169156604,uJy
sg1808-20,272.04666,-20.646944,4,515.3613146319467,469.95898623511073,49.50011962935515,511.9238021912392,9.39615277701527,72.83599715032406,uJy
sg1808-20,272.04666,-20.646944,4,515.3613146319467,472.7869862351107,49.50011962935515,511.9238021912392,152.41185818739476,95.47165682689378,uJy
sg1808-20,272.04666,-20.646944,4,518.1893146319467,467.13098623511075,49.50011962935515,511.9238021912392,367.8382034056268,83.49863078160561,uJy
sg1808-20,272.04666,-20.646944,4,518.1893146319467,469.95898623511073,49.50011962935515,511.9238021912392,459.5515495342509,77.11977588307151,uJy
sg1808-20,272.04666,-20.646944,4,518.1893146319467,472.7869862351107,49.50011962935515,511.9238021912392,287.58944098843244,77.60423537270452,uJy
ax1818-1559,274.71408,-15.989617,1,331.3853198567361,498.28668374045213,184.89214777547176,1761.7910531155267,7002.339407572048,3772.526666472617,uJy
ax1818-1559,274.71408,-15.989617,1,331.3853198567361,501.1146837404521,184.89214777547176,1761.7910531155267,2078.594875001265,1780.4718707058826,uJy
ax1818-1559,274.71408,-15.989617,1,331.3853198567361,503.9426837404521,184.89214777547176,1761.7910531155267,1259.6772474393715,177.59219326476241,uJy
ax1818-1559,274.71408,-15.989617,1,334.21331985673606,498.28668374045213,184.89214777547176,1761.7910531155267,1618.2538588888665,1257.79761761349,uJy
ax1818-1559,274.71408,-15.989617,1,334.21331985673606,501.1146837404521,184.89214777547176,1761.7910531155267,1364.6315302723647,462.69719422061013,uJy
ax1818-1559,274.71408,-15.989617,1,334.21331985673606,503.9426837404521,184.89214777547176,1761.7910531155267,1316.6015812074022,73.93753591930545,uJy
ax1818-1559,274.71408,-15.989617,1,337.04131985673604,498.28668374045213,184.89214777547176,1761.7910531155267,957.2608809919842,167.57769916351728,uJy
ax1818-1559,274.71408,-15.989617,1,337.04131985673604,501.1146837404521,184.89214777547176,1761.7910531155267,1536.8599312850554,78.5198365158209,uJy
ax1818-1559,274.71408,-15.989617,1,337.04131985673604,503.9426837404521,184.89214777547176,1761.7910531155267,1715.5065400526535,52.444939696732874,uJy
ax1818-1559,274.71408,-15.989617,1,331.3853198567361,498.28668374045213,340.59079853376375,3245.404571528601,8161.642503740285,3771.1715688947347,uJy
ax1818-1559,274.71408,-15.989617,1,331.3853198567361,501.1146837404521,340.59079853376375,3245.404571528601,3206.0286585248823,1779.664678145888,uJy
ax1818-1559,274.71408,-15.989617,1,331.3853198567361,503.9426837404521,340.59079853376375,3245.404571528601,2376.7813489192354,176.71030305666028,uJy
ax1818-1559,274.71408,-15.989617,1,334.21331985673606,498.28668374045213,340.59079853376375,3245.404571528601,2779.54404586589,1256.6119716821008,uJy
ax1818-1559,274.71408,-15.989617,1,334.21331985673606,501.1146837404521,340.59079853376375,3245.404571528601,2478.4684867627548,461.9611869121835,uJy
ax1818-1559,274.71408,-15.989617,1,334.21331985673606,503.9426837404521,340.59079853376375,3245.404571528601,2468.236492033638,72.59550276706352,uJy
ax1818-1559,274.71408,-15.989617,1,337.04131985673604,498.28668374045213,340.59079853376375,3245.404571528601,2121.3396047523247,167.33596927524204,uJy
ax1818-1559,274.71408,-15.989617,1,337.04131985673604,501.1146837404521,340.59079853376375,3245.404571528601,2700.394984438168,77.65822320271806,uJy
ax1818-1559,274.71408,-15.989617,1,337.04131985673604,503.9426837404521,340.59079853376375,3245.404571528601,2872.9315455578644,50.931993870006586,uJy
ax1818-1559,274.71408,-15.989617,2,138.79903424987637,515.4661367126658,nan,nan,nan,nan,uJy
ax1818-1559,274.71408,-15.989617,2,138.79903424987637,518.2941367126658,nan,nan,nan,nan,uJy
ax1818-1559,274.71408,-15.989617,2,138.79903424987637,521.1221367126658,nan,nan,nan,nan,uJy
ax1818-1559,274.71408,-15.989617,2,141.62703424987637,515.4661367126658,nan,nan,nan,nan,uJy
ax1818-1559,274.71408,-15.989617,2,141.62703424987637,518.2941367126658,nan,nan,nan,nan,uJy
ax1818-1559,274.71408,-15.989617,2,141.62703424987637,521.1221367126658,nan,nan,nan,nan,uJy
ax1818-1559,274.71408,-15.989617,2,144.45503424987638,515.4661367126658,nan,nan,nan,nan,uJy
ax1818-1559,274.71408,-15.989617,2,144.45503424987638,518.2941367126658,nan,nan,nan,nan,uJy
ax1818-1559,274.71408,-15.989617,2,144.45503424987638,521.1221367126658,nan,nan,nan,nan,uJy
ax1818-1559,274.71408,-15.989617,2,138.79903424987637,515.4661367126658,nan,nan,nan,nan,uJy
ax1818-1559,274.71408,-15.989617,2,138.79903424987637,518.2941367126658,nan,nan,nan,nan,uJy
ax1818-1559,274.71408,-15.989617,2,138.79903424987637,521.1221367126658,nan,nan,nan,nan,uJy
ax1818-1559,274.71408,-15.989617,2,141.62703424987637,515.4661367126658,nan,nan,nan,nan,uJy
ax1818-1559,274.71408,-15.989617,2,141.62703424987637,518.2941367126658,nan,nan,nan,nan,uJy
ax1818-1559,274.71408,-15.989617,2,141.62703424987637,521.1221367126658,nan,nan,nan,nan,uJy
ax1818-1559,274.71408,-15.989617,2,144.45503424987638,515.4661367126658,nan,nan,nan,nan,uJy
ax1818-1559,274.71408,-15.989617,2,144.45503424987638,518.2941367126658,nan,nan,nan,nan,uJy
ax1818-1559,274.71408,-15.989617,2,144.45503424987638,521.1221367126658,nan,nan,nan,nan,uJy
ax1818-1559,274.71408,-15.989617,3,90.73629391628387,439.0509191507495,83.14262155914318,799.2874352277452,483.1900817025312,114.60521715571869,uJy
ax1818-1559,274.71408,-15.989617,3,90.73629391628387,441.8789191507495,83.14262155914318,799.2874352277452,352.0355511559561,120.58977108825374,uJy
ax1818-1559,274.71408,-15.989617,3,90.73629391628387,444.70691915074946,83.14262155914318,799.2874352277452,99.23961984366775,145.9290105488461,uJy
ax1818-1559,274.71408,-15.989617,3,93.56429391628387,439.0509191507495,83.14262155914318,799.2874352277452,612.6997125813659,115.26742126563101,uJy
ax1818-1559,274.71408,-15.989617,3,93.56429391628387,441.8789191507495,83.14262155914318,799.2874352277452,199.87589728023596,210.33894084618387,uJy
ax1818-1559,274.71408,-15.989617,3,93.56429391628387,444.70691915074946,83.14262155914318,799.2874352277452,122.15205292523058,791.8855696382573,uJy
ax1818-1559,274.71408,-15.989617,3,96.39229391628388,439.0509191507495,83.14262155914318,799.2874352277452,558.383226307536,218.8301348104092,uJy
ax1818-1559,274.71408,-15.989617,3,96.39229391628388,441.8789191507495,83.14262155914318,799.2874352277452,445.9020184839461,802.5908164602952,uJy
ax1818-1559,274.71408,-15.989617,3,96.39229391628388,444.70691915074946,83.14262155914318,799.2874352277452,2511.7616068420643,1639.595612300295,uJy
ax1818-1559,274.71408,-15.989617,3,90.73629391628387,439.0509191507495,153.15746076684272,1472.3715912090042,876.5978172638373,114.59244470194041,uJy
ax1818-1559,274.71408,-15.989617,3,90.73629391628387,441.8789191507495,153.15746076684272,1472.3715912090042,736.403407544008,120.49474566963097,uJy
ax1818-1559,274.71408,-15.989617,3,90.73629391628387,444.70691915074946,153.15746076684272,1472.3715912090042,465.077160761264,145.81997817450733,uJy
ax1818-1559,274.71408,-15.989617,3,93.56429391628387,439.0509191507495,153.15746076684272,1472.3715912090042,1031.6022697212875,116.70628351333774,uJy
ax1818-1559,274.71408,-15.989617,3,93.56429391628387,441.8789191507495,153.15746076684272,1472.3715912090042,570.0080886218698,210.48743760208663,uJy
ax1818-1559,274.71408,-15.989617,3,93.56429391628387,444.70691915074946,153.15746076684272,1472.3715912090042,471.6635804988906,791.8444734988379,uJy
ax1818-1559,274.71408,-15.989617,3,96.39229391628388,439.0509191507495,153.15746076684272,1472.3715912090042,965.1897465988666,218.8342099310304,uJy
ax1818-1559,274.71408,-15.989617,3,96.39229391628388,441.8789191507495,153.15746076684272,1472.3715912090042,848.0456699365989,802.1791182520201,uJy
ax1818-1559,274.71408,-15.989617,3,96.39229391628388,444.70691915074946,153.15746076684272,1472.3715912090042,2920.6839054492784,1640.0821569333214,uJy
ax1818-1559,274.71408,-15.989617,4,396.8192902887043,451.92342253740156,43.9437249451912,454.46029069892455,57.565570003052436,99.34782741854416,uJy
ax1818-1559,274.71408,-15.989617,4,396.8192902887043,454.75142253740154,43.9437249451912,454.46029069892455,163.1823417702131,106.55767791543144,uJy
ax1818-1559,274.71408,-15.989617,4,396.8192902887043,457.5794225374015,43.9437249451912,454.46029069892455,64.13579271544174,107.92285983514236,uJy
ax1818-1559,274.71408,-15.989617,4,399.64729028870426,451.92342253740156,43.9437249451912,454.46029069892455,-113.64984084722289,90.9283549624332,uJy
ax1818-1559,274.71408,-15.989617,4,399.64729028870426,454.75142253740154,43.9437249451912,454.46029069892455,125.21365367631735,119.91189182395291,uJy
ax1818-1559,274.71408,-15.989617,4,399.64729028870426,457.5794225374015,43.9437249451912,454.46029069892455,-272.33486688303736,265.1672160772757,uJy
ax1818-1559,274.71408,-15.989617,4,402.47529028870423,451.92342253740156,43.9437249451912,454.46029069892455,332.58579585079207,126.8012594608259,uJy
ax1818-1559,274.71408,-15.989617,4,402.47529028870423,454.75142253740154,43.9437249451912,454.46029069892455,14.819951009995492,385.5763129103297,uJy
ax1818-1559,274.71408,-15.989617,4,402.47529028870423,457.5794225374015,43.9437249451912,454.46029069892455,340.5589523049208,848.0727313299091,uJy
ax1818-1559,274.71408,-15.989617,4,396.8192902887043,451.92342253740156,80.94896700429959,837.1636933927559,201.04740337391544,99.67077557609868,uJy
ax1818-1559,274.71408,-15.989617,4,396.8192902887043,454.75142253740154,80.94896700429959,837.1636933927559,338.06749809377123,106.33015552260912,uJy
ax1818-1559,274.71408,-15.989617,4,396.8192902887043,457.5794225374015,80.94896700429959,837.1636933927559,236.8777815725148,107.68104385996574,uJy
ax1818-1559,274.71408,-15.989617,4,399.64729028870426,451.92342253740156,80.94896700429959,837.1636933927559,88.1605714426692,91.186006569858,uJy
ax1818-1559,274.71408,-15.989617,4,399.64729028870426,454.75142253740154,80.94896700429959,837.1636933927559,294.60439829890123,120.23164906136958,uJy
ax1818-1559,274.71408,-15.989617,4,399.64729028870426,457.5794225374015,80.94896700429959,837.1636933927559,-99.20677755297841,265.62573633632735,uJy
ax1818-1559,274.71408,-15.989617,4,402.47529028870423,451.92342253740156,80.94896700429959,837.1636933927559,526.5589702146266,127.86644625927083,uJy
ax1818-1559,274.71408,-15.989617,4,402.47529028870423,454.75142253740154,80.94896700429959,837.1636933927559,193.90083556502492,386.0658761553616,uJy
ax1818-1559,274.71408,-15.989617,4,402.47529028870423,457.5794225374015,80.94896700429959,837.1636933927559,498.93385314134497,849.0802687338532,uJy
ax1845-0258,281.22781,-2.9480834,1,656.6550342702084,652.5834803044633,33.56447622594105,319.8275028379358,778.0051578856982,34.96795085144708,uJy
ax1845-0258,281.22781,-2.9480834,1,656.6550342702084,655.4114803044632,33.56447622594105,319.8275028379358,656.5010749698873,85.21183906282087,uJy
ax1845-0258,281.22781,-2.9480834,1,656.6550342702084,658.2394803044632,33.56447622594105,319.8275028379358,216.59925176805703,66.16733940727231,uJy
ax1845-0258,281.22781,-2.9480834,1,659.4830342702083,652.5834803044633,33.56447622594105,319.8275028379358,619.1670515338029,79.62425444042341,uJy
ax1845-0258,281.22781,-2.9480834,1,659.4830342702083,655.4114803044632,33.56447622594105,319.8275028379358,547.5201766235219,84.08411413878552,uJy
ax1845-0258,281.22781,-2.9480834,1,659.4830342702083,658.2394803044632,33.56447622594105,319.8275028379358,271.0813899532333,55.17427010995785,uJy
ax1845-0258,281.22781,-2.9480834,1,662.3110342702083,652.5834803044633,33.56447622594105,319.8275028379358,158.88817173959922,149.69682620786233,uJy
ax1845-0258,281.22781,-2.9480834,1,662.3110342702083,655.4114803044632,33.56447622594105,319.8275028379358,403.0785631045327,87.72930759362062,uJy
ax1845-0258,281.22781,-2.9480834,1,662.3110342702083,658.2394803044632,33.56447622594105,319.8275028379358,353.8482098822692,36.380165374670796,uJy
ax1845-0258,281.22781,-2.9480834,1,656.6550342702084,652.5834803044633,61.82929831094405,589.155926280408,988.5164218845545,35.04056940233782,uJy
ax1845-0258,281.22781,-2.9480834,1,656.6550342702084,655.4114803044632,61.82929831094405,589.155926280408,864.9704682791373,85.58571994225208,uJy
ax1845-0258,281.22781,-2.9480834,1,656.6550342702084,658.2394803044632,61.82929831094405,589.155926280408,429.44601010177985,66.1034239230729,uJy
ax1845-0258,281.22781,-2.9480834,1,659.4830342702083,652.5834803044633,61.82929831094405,589.155926280408,824.8372959464975,79.47606242049957,uJy
ax1845-0258,281.22781,-2.9480834,1,659.4830342702083,655.4114803044632,61.82929831094405,589.155926280408,751.0032632376441,84.02610133206666,uJy
ax1845-0258,281.22781,-2.9480834,1,659.4830342702083,658.2394803044632,61.82929831094405,589.155926280408,484.20056059128143,54.92037613934451,uJy
ax1845-0258,281.22781,-2.9480834,1,662.3110342702083,652.5834803044633,61.82929831094405,589.155926280408,371.2612652028865,149.6528943476614,uJy
ax1845-0258,281.22781,-2.9480834,1,662.3110342702083,655.4114803044632,61.82929831094405,589.155926280408,615.6562533579581,87.39846364195435,uJy
ax1845-0258,281.22781,-2.9480834,1,662.3110342702083,658.2394803044632,61.82929831094405,589.155926280408,565.0572817281029,36.08046673146271,uJy
ax1845-0258,281.22781,-2.9480834,2,506.24886010196815,563.4027979469624,25.6727436375357,243.5419152431187,579.7733900372089,30.14889285048366,uJy
ax1845-0258,281.22781,-2.9480834,2,506.24886010196815,566.2307979469624,25.6727436375357,243.5419152431187,449.40807469392723,74.16296552260187,uJy
ax1845-0258,281.22781,-2.9480834,2,506.24886010196815,569.0587979469624,25.6727436375357,243.5419152431187,79.02641646045447,52.5248691150263,uJy
ax1845-0258,281.22781,-2.9480834,2,509.0768601019681,563.4027979469624,25.6727436375357,243.5419152431187,548.1742099761964,33.83290754510022,uJy
ax1845-0258,281.22781,-2.9480834,2,509.0768601019681,566.2307979469624,25.6727436375357,243.5419152431187,413.26506457082525,64.12399116604792,uJy
ax1845-0258,281.22781,-2.9480834,2,509.0768601019681,569.0587979469624,25.6727436375357,243.5419152431187,217.49913026162392,45.39135883923315,uJy
ax1845-0258,281.22781,-2.9480834,2,511.9048601019681,563.4027979469624,25.6727436375357,243.5419152431187,220.06003167314535,79.7213849227042,uJy
ax1845-0258,281.22781,-2.9480834,2,511.9048601019681,566.2307979469624,25.6727436375357,243.5419152431187,250.78174060854914,79.93033795894026,uJy
ax1845-0258,281.22781,-2.9480834,2,511.9048601019681,569.0587979469624,25.6727436375357,243.5419152431187,193.22636701073054,23.17072080083922,uJy
ax1845-0258,281.22781,-2.9480834,2,506.24886010196815,563.4027979469624,47.291896174407874,448.6298438689029,725.9451371563733,30.11696429029476,uJy
ax1845-0258,281.22781,-2.9480834,2,506.24886010196815,566.2307979469624,47.291896174407874,448.6298438689029,612.7100065175683,74.2121711499028,uJy
ax1845-0258,281.22781,-2.9480834,2,506.24886010196815,569.0587979469624,47.291896174407874,448.6298438689029,235.33398871227806,52.49771110011551,uJy
ax1845-0258,281.22781,-2.9480834,2,509.0768601019681,563.4027979469624,47.291896174407874,448.6298438689029,707.6761317064644,33.68442897337465,uJy
ax1845-0258,281.22781,-2.9480834,2,509.0768601019681,566.2307979469624,47.291896174407874,448.6298438689029,575.3386431700297,64.15796078253899,uJy
ax1845-0258,281.22781,-2.9480834,2,509.0768601019681,569.0587979469624,47.291896174407874,448.6298438689029,376.45135711919073,45.24529394048174,uJy
ax1845-0258,281.22781,-2.9480834,2,511.9048601019681,563.4027979469624,47.291896174407874,448.6298438689029,379.00608175280394,79.5360941794124,uJy
ax1845-0258,281.22781,-2.9480834,2,511.9048601019681,566.2307979469624,47.291896174407874,448.6298438689029,413.5797116234661,79.74420272975395,uJy
ax1845-0258,281.22781,-2.9480834,2,511.9048601019681,569.0587979469624,47.291896174407874,448.6298438689029,352.1453159509778,22.874000557661095,uJy
ax1845-0258,281.22781,-2.9480834,3,206.33632019034226,519.361010043714,30.604458548973348,294.21443203762783,444.19534014495616,89.97618982201679,uJy
ax1845-0258,281.22781,-2.9480834,3,206.33632019034226,522.189010043714,30.604458548973348,294.21443203762783,750.4843987869406,95.52547070789704,uJy
ax1845-0258,281.22781,-2.9480834,3,206.33632019034226,525.017010043714,30.604458548973348,294.21443203762783,379.38153030757906,82.48933756837755,uJy
ax1845-0258,281.22781,-2.9480834,3,209.16432019034227,519.361010043714,30.604458548973348,294.21443203762783,399.5218215013608,101.85020350089509,uJy
ax1845-0258,281.22781,-2.9480834,3,209.16432019034227,522.189010043714,30.604458548973348,294.21443203762783,80.7095847165309,77.31269600593531,uJy
ax1845-0258,281.22781,-2.9480834,3,209.16432019034227,525.017010043714,30.604458548973348,294.21443203762783,249.23966499876917,89.43245788001576,uJy
ax1845-0258,281.22781,-2.9480834,3,211.99232019034227,519.361010043714,30.604458548973348,294.21443203762783,357.5556838631526,100.09478189461217,uJy
ax1845-0258,281.22781,-2.9480834,3,211.99232019034227,522.189010043714,30.604458548973348,294.21443203762783,62.49090361364056,102.8121486581644,uJy
ax1845-0258,281.22781,-2.9480834,3,211.99232019034227,525.017010043714,30.604458548973348,294.21443203762783,71.71611056367885,89.61952057550054,uJy
ax1845-0258,281.22781,-2.9480834,3,206.33632019034226,519.361010043714,56.376634169161434,541.973953753525,602.1282564745895,90.02119685333385,uJy
ax1845-0258,281.22781,-2.9480834,3,206.33632019034226,522.189010043714,56.376634169161434,541.973953753525,905.2135364854545,95.54799778064826,uJy
ax1845-0258,281.22781,-2.9480834,3,206.33632019034226,525.017010043714,56.376634169161434,541.973953753525,509.3937396875542,82.79058707804369,uJy
ax1845-0258,281.22781,-2.9480834,3,209.16432019034227,519.361010043714,56.376634169161434,541.973953753525,552.2268916122623,102.10965104808824,uJy
ax1845-0258,281.22781,-2.9480834,3,209.16432019034227,522.189010043714,56.376634169161434,541.973953753525,225.98450584431666,77.2606744901226,uJy
ax1845-0258,281.22781,-2.9480834,3,209.16432019034227,525.017010043714,56.376634169161434,541.973953753525,402.81287641892914,89.7379738233947,uJy
ax1845-0258,281.22781,-2.9480834,3,211.99232019034227,519.361010043714,56.376634169161434,541.973953753525,508.1131628513121,100.14086179445356,uJy
ax1845-0258,281.22781,-2.9480834,3,211.99232019034227,522.189010043714,56.376634169161434,541.973953753525,210.16937013786585,102.88334054006323,uJy
ax1845-0258,281.22781,-2.9480834,3,211.99232019034227,525.017010043714,56.376634169161434,541.973953753525,222.419114092548,89.36165905901962,uJy
ax1845-0258,281.22781,-2.9480834,4,497.01138326653506,525.708703972223,34.725088747712064,359.122353567301,-208.9956950382429,80.32506711129827,uJy
ax1845-0258,281.22781,-2.9480834,4,497.01138326653506,528.536703972223,34.725088747712064,359.122353567301,19.901208798063177,79.1425327598681,uJy
ax1845-0258,281.22781,-2.9480834,4,497.01138326653506,531.364703972223,34.725088747712064,359.122353567301,550.0866500160798,79.83479066403446,uJy
ax1845-0258,281.22781,-2.9480834,4,499.83938326653504,525.708703972223,34.725088747712064,359.122353567301,75.3875242793137,94.91536303699263,uJy
ax1845-0258,281.22781,-2.9480834,4,499.83938326653504,528.536703972223,34.725088747712064,359.122353567301,53.06436895141103,94.71657382973471,uJy
ax1845-0258,281.22781,-2.9480834,4,499.83938326653504,531.364703972223,34.725088747712064,359.122353567301,73.29549099040076,116.60443112531611,uJy
ax1845-0258,281.22781,-2.9480834,4,502.667383266535,525.708703972223,34.725088747712064,359.122353567301,288.061442771277,107.84379758880674,uJy
ax1845-0258,281.22781,-2.9480834,4,502.667383266535,528.536703972223,34.725088747712064,359.122353567301,99.04962335133669,92.84456959354414,uJy
ax1845-0258,281.22781,-2.9480834,4,502.667383266535,531.364703972223,34.725088747712064,359.122353567301,-4.293109272993655,89.51900605075517,uJy
ax1845-0258,281.22781,-2.9480834,4,497.01138326653506,525.708703972223,63.96726874578538,661.5411776239756,-66.24430130901531,80.2274661758261,uJy
ax1845-0258,281.22781,-2.9480834,4,497.01138326653506,528.536703972223,63.96726874578538,661.5411776239756,172.38394952230436,78.94404426018826,uJy
ax1845-0258,281.22781,-2.9480834,4,497.01138326653506,531.364703972223,63.96726874578538,661.5411776239756,699.3834832284282,79.49020838585226,uJy
ax1845-0258,281.22781,-2.9480834,4,499.83938326653504,525.708703972223,63.96726874578538,661.5411776239756,203.49614537044602,95.65315584728965,uJy
ax1845-0258,281.22781,-2.9480834,4,499.83938326653504,528.536703972223,63.96726874578538,661.5411776239756,179.38573494158285,94.93043925821544,uJy
ax1845-0258,281.22781,-2.9480834,4,499.83938326653504,531.364703972223,63.96726874578538,661.5411776239756,214.1927019008124,117.098972439227,uJy
ax1845-0258,281.22781,-2.9480834,4,502.667383266535,525.708703972223,63.96726874578538,661.5411776239756,439.630611601621,108.52951358934067,uJy
ax1845-0258,281.22781,-2.9480834,4,502.667383266535,528.536703972223,63.96726874578538,661.5411776239756,238.87283480338414,93.19290608137861,uJy
ax1845-0258,281.22781,-2.9480834,4,502.667383266535,531.364703972223,63.96726874578538,661.5411776239756,121.76580925475882,89.4359128231568,uJy
sg2013+34,303.48709,34.329998,1,361.0062558121549,524.5160365033466,2.7794935410429296,26.485099079212816,28.168863777696682,8.274572690807172,uJy
sg2013+34,303.48709,34.329998,1,361.0062558121549,527.3440365033466,2.7794935410429296,26.485099079212816,47.328993589429594,4.730372516148473,uJy
sg2013+34,303.48709,34.329998,1,361.0062558121549,530.1720365033466,2.7794935410429296,26.485099079212816,43.90084510809335,4.831313118820633,uJy
sg2013+34,303.48709,34.329998,1,363.8342558121549,524.5160365033466,2.7794935410429296,26.485099079212816,2.1274265063821804,15.307880711692983,uJy
sg2013+34,303.48709,34.329998,1,363.8342558121549,527.3440365033466,2.7794935410429296,26.485099079212816,14.750741024812598,6.968585317387331,uJy
sg2013+34,303.48709,34.329998,1,363.8342558121549,530.1720365033466,2.7794935410429296,26.485099079212816,27.670172356670957,6.208195614877124,uJy
sg2013+34,303.48709,34.329998,1,366.66225581215485,524.5160365033466,2.7794935410429296,26.485099079212816,-1.221030915510346,28.92654236046116,uJy
sg2013+34,303.48709,34.329998,1,366.66225581215485,527.3440365033466,2.7794935410429296,26.485099079212816,3.0250739359649015,4.443206794796228,uJy
sg2013+34,303.48709,34.329998,1,366.66225581215485,530.1720365033466,2.7794935410429296,26.485099079212816,11.129055063426204,5.552394663374288,uJy
sg2013+34,303.48709,34.329998,1,361.0062558121549,524.5160365033466,5.120119680868554,48.78834040907624,45.83063957940555,8.294335448003437,uJy
sg2013+34,303.48709,34.329998,1,361.0062558121549,527.3440365033466,5.120119680868554,48.78834040907624,63.6860533131467,4.715608122333059,uJy
sg2013+34,303.48709,34.329998,1,361.0062558121549,530.1720365033466,5.120119680868554,48.78834040907624,61.04388369478053,4.8178851387538,uJy
sg2013+34,303.48709,34.329998,1,363.8342558121549,524.5160365033466,5.120119680868554,48.78834040907624,19.784946587292072,15.301914047489953,uJy
sg2013+34,303.48709,34.329998,1,363.8342558121549,527.3440365033466,5.120119680868554,48.78834040907624,32.37607214521763,6.96874433968548,uJy
sg2013+34,303.48709,34.329998,1,363.8342558121549,530.1720365033466,5.120119680868554,48.78834040907624,44.903937190215224,6.196686885347701,uJy
sg2013+34,303.48709,34.329998,1,366.66225581215485,524.5160365033466,5.120119680868554,48.78834040907624,16.330446991347127,28.92985893967514,uJy
sg2013+34,303.48709,34.329998,1,366.66225581215485,527.3440365033466,5.120119680868554,48.78834040907624,20.44098649454769,4.45168066610791,uJy
sg2013+34,303.48709,34.329998,1,366.66225581215485,530.1720365033466,5.120119680868554,48.78834040907624,28.31638587365742,5.554953296245511,uJy
sg2013+34,303.48709,34.329998,2,368.33851151550823,779.7359198318919,2.1924918134221607,20.79885433884799,14.032965549859034,15.858607227935899,uJy
sg2013+34,303.48709,34.329998,2,368.33851151550823,782.5639198318919,2.1924918134221607,20.79885433884799,18.590606896195006,4.751178483222487,uJy
sg2013+34,303.48709,34.329998,2,368.33851151550823,785.3919198318919,2.1924918134221607,20.79885433884799,34.24100201498159,4.383862059445417,uJy
sg2013+34,303.48709,34.329998,2,371.1665115155082,779.7359198318919,2.1924918134221607,20.79885433884799,16.77125643611178,16.677097203007776,uJy
sg2013+34,303.48709,34.329998,2,371.1665115155082,782.5639198318919,2.1924918134221607,20.79885433884799,23.82487882300192,5.454646226941081,uJy
sg2013+34,303.48709,34.329998,2,371.1665115155082,785.3919198318919,2.1924918134221607,20.79885433884799,-2.532733479930787,5.817655044193448,uJy
sg2013+34,303.48709,34.329998,2,373.9945115155082,779.7359198318919,2.1924918134221607,20.79885433884799,-21.76579033794329,7.265449092695096,uJy
sg2013+34,303.48709,34.329998,2,373.9945115155082,782.5639198318919,2.1924918134221607,20.79885433884799,21.662637162226815,5.314882050462368,uJy
sg2013+34,303.48709,34.329998,2,373.9945115155082,785.3919198318919,2.1924918134221607,20.79885433884799,16.395460508905355,6.807890360711696,uJy
sg2013+34,303.48709,34.329998,2,368.33851151550823,779.7359198318919,4.038800708935559,38.313679045246296,27.697041079129658,15.850013727218572,uJy
sg2013+34,303.48709,34.329998,2,368.33851151550823,782.5639198318919,4.038800708935559,38.313679045246296,32.65954174401686,4.742657566137429,uJy
sg2013+34,303.48709,34.329998,2,368.33851151550823,785.3919198318919,4.038800708935559,38.313679045246296,47.34067577487231,4.392358577564831,uJy
sg2013+34,303.48709,34.329998,2,371.1665115155082,779.7359198318919,4.038800708935559,38.313679045246296,30.176605488759286,16.66970926745481,uJy
sg2013+34,303.48709,34.329998,2,371.1665115155082,782.5639198318919,4.038800708935559,38.313679045246296,37.69081614154662,5.439565227380197,uJy
sg2013+34,303.48709,34.329998,2,371.1665115155082,785.3919198318919,4.038800708935559,38.313679045246296,11.217359550458568,5.80460316562358,uJy
sg2013+34,303.48709,34.329998,2,373.9945115155082,779.7359198318919,4.038800708935559,38.313679045246296,-8.542791646076742,7.271866429391175,uJy
sg2013+34,303.48709,34.329998,2,373.9945115155082,782.5639198318919,4.038800708935559,38.313679045246296,35.07379796404327,5.318751078362796,uJy
sg2013+34,303.48709,34.329998,2,373.9945115155082,785.3919198318919,4.038800708935559,38.313679045246296,28.908370540903515,6.793173732696149,uJy
ps1846-0258,281.60391,-2.9750278,1,471.878856202057,378.1453910001176,38.3126964503062,365.0721063008552,382.78768164249954,60.26865673531451,uJy
ps1846-0258,281.60391,-2.9750278,1,471.878856202057,380.9733910001176,38.3126964503062,365.0721063008552,370.8435985004122,90.89808949755297,uJy
ps1846-0258,281.60391,-2.9750278,1,471.878856202057,383.8013910001176,38.3126964503062,365.0721063008552,195.93819391514643,48.44804901486339,uJy
ps1846-0258,281.60391,-2.9750278,1,474.706856202057,378.1453910001176,38.3126964503062,365.0721063008552,25.109559302707204,68.33185406669479,uJy
ps1846-0258,281.60391,-2.9750278,1,474.706856202057,380.9733910001176,38.3126964503062,365.0721063008552,326.68298315769414,96.45924562804366,uJy
ps1846-0258,281.60391,-2.9750278,1,474.706856202057,383.8013910001176,38.3126964503062,365.0721063008552,302.83958414713857,89.1079585676276,uJy
ps1846-0258,281.60391,-2.9750278,1,477.534856202057,378.1453910001176,38.3126964503062,365.0721063008552,42.53765792524908,210.11939229091897,uJy
ps1846-0258,281.60391,-2.9750278,1,477.534856202057,380.9733910001176,38.3126964503062,365.0721063008552,746.7652185975295,162.41460930923526,uJy
ps1846-0258,281.60391,-2.9750278,1,477.534856202057,383.8013910001176,38.3126964503062,365.0721063008552,906.6279462690885,174.32624302888513,uJy
ps1846-0258,281.60391,-2.9750278,1,471.878856202057,378.1453910001176,70.57601977687983,672.5012484489437,621.7672826498515,60.29527556660837,uJy
ps1846-0258,281.60391,-2.9750278,1,471.878856202057,380.9733910001176,70.57601977687983,672.5012484489437,610.9692511946447,90.97074510627633,uJy
ps1846-0258,281.60391,-2.9750278,1,471.878856202057,383.8013910001176,70.57601977687983,672.5012484489437,436.22053661070765,48.39176723394614,uJy
ps1846-0258,281.60391,-2.9750278,1,474.706856202057,378.1453910001176,70.57601977687983,672.5012484489437,264.70147962550635,68.50290909401089,uJy
ps1846-0258,281.60391,-2.9750278,1,474.706856202057,380.9733910001176,70.57601977687983,672.5012484489437,570.7213009840181,96.79457211548076,uJy
ps1846-0258,281.60391,-2.9750278,1,474.706856202057,383.8013910001176,70.57601977687983,672.5012484489437,545.8799969164376,89.07112252215252,uJy
ps1846-0258,281.60391,-2.9750278,1,477.534856202057,378.1453910001176,70.57601977687983,672.5012484489437,283.831312524844,210.42504389175255,uJy
ps1846-0258,281.60391,-2.9750278,1,477.534856202057,380.9733910001176,70.57601977687983,672.5012484489437,987.8142128619087,163.11702204437543,uJy
ps1846-0258,281.60391,-2.9750278,1,477.534856202057,383.8013910001176,70.57601977687983,672.5012484489437,1140.6905730751762,174.27653507688262,uJy
ps1846-0258,281.60391,-2.9750278,2,423.0559455728684,573.5991393023859,20.596887942728205,195.3903177798969,243.32949268626575,45.6447864781883,uJy
ps1846-0258,281.60391,-2.9750278,2,423.0559455728684,576.4271393023859,20.596887942728205,195.3903177798969,200.88902609754805,46.85334201334614,uJy
ps1846-0258,281.60391,-2.9750278,2,423.0559455728684,579.2551393023858,20.596887942728205,195.3903177798969,79.03838670536578,43.93567665861921,uJy
ps1846-0258,281.60391,-2.9750278,2,425.88394557286836,573.5991393023859,20.596887942728205,195.3903177798969,16.492086881288518,37.44271733916433,uJy
ps1846-0258,281.60391,-2.9750278,2,425.88394557286836,576.4271393023859,20.596887942728205,195.3903177798969,126.03344985721114,51.60919398855865,uJy
ps1846-0258,281.60391,-2.9750278,2,425.88394557286836,579.2551393023858,20.596887942728205,195.3903177798969,208.68093782741803,47.32529054575834,uJy
ps1846-0258,281.60391,-2.9750278,2,428.71194557286833,573.5991393023859,20.596887942728205,195.3903177798969,-62.565345212504276,123.00138431751064,uJy
ps1846-0258,281.60391,-2.9750278,2,428.71194557286833,576.4271393023859,20.596887942728205,195.3903177798969,354.4731500019938,104.8894273080388,uJy
ps1846-0258,281.60391,-2.9750278,2,428.71194557286833,579.2551393023858,20.596887942728205,195.3903177798969,561.7019072252453,124.94957815913756,uJy
ps1846-0258,281.60391,-2.9750278,2,423.0559455728684,573.5991393023859,37.94163568397301,359.9295327524416,374.32006169279816,45.67799973863957,uJy
ps1846-0258,281.60391,-2.9750278,2,423.0559455728684,576.4271393023859,37.94163568397301,359.9295327524416,329.3770781296015,46.90519404457276,uJy
ps1846-0258,281.60391,-2.9750278,2,423.0559455728684,579.2551393023858,37.94163568397301,359.9295327524416,209.30407009460484,43.87668705836454,uJy
ps1846-0258,281.60391,-2.9750278,2,425.88394557286836,573.5991393023859,37.94163568397301,359.9295327524416,146.89988567539606,37.54473409256263,uJy
ps1846-0258,281.60391,-2.9750278,2,425.88394557286836,576.4271393023859,37.94163568397301,359.9295327524416,255.37405360063022,51.77494679866976,uJy
ps1846-0258,281.60391,-2.9750278,2,425.88394557286836,579.2551393023858,37.94163568397301,359.9295327524416,336.34691555722065,47.34203437246862,uJy
ps1846-0258,281.60391,-2.9750278,2,428.71194557286833,573.5991393023859,37.94163568397301,359.9295327524416,64.98268763429523,123.12036919444,uJy
ps1846-0258,281.60391,-2.9750278,2,428.71194557286833,576.4271393023859,37.94163568397301,359.9295327524416,484.5606298755825,105.12778257780617,uJy
ps1846-0258,281.60391,-2.9750278,2,428.71194557286833,579.2551393023858,37.94163568397301,359.9295327524416,685.8747000761033,124.9384768149656,uJy
ps1846-0258,281.60391,-2.9750278,3,401.94475035046275,376.2210960401009,16.024896189572107,154.05453827364198,64.06632075567711,30.8085932074218,uJy
ps1846-0258,281.60391,-2.9750278,3,401.94475035046275,379.0490960401009,16.024896189572107,154.05453827364198,123.25867936444796,44.06225406687892,uJy
ps1846-0258,281.60391,-2.9750278,3,401.94475035046275,381.87709604010087,16.024896189572107,154.05453827364198,72.2132278852893,26.775954603038354,uJy
ps1846-0258,281.60391,-2.9750278,3,404.77275035046273,376.2210960401009,16.024896189572107,154.05453827364198,-74.94740148214437,41.006288047538696,uJy
ps1846-0258,281.60391,-2.9750278,3,404.77275035046273,379.0490960401009,16.024896189572107,154.05453827364198,25.499363369581477,40.66178612421151,uJy
ps1846-0258,281.60391,-2.9750278,3,404.77275035046273,381.87709604010087,16.024896189572107,154.05453827364198,67.83666270496082,43.211533413934106,uJy
ps1846-0258,281.60391,-2.9750278,3,407.6007503504627,376.2210960401009,16.024896189572107,154.05453827364198,-130.82612928131755,95.16643147051343,uJy
ps1846-0258,281.60391,-2.9750278,3,407.6007503504627,379.0490960401009,16.024896189572107,154.05453827364198,185.69819582482995,76.3190382782865,uJy
ps1846-0258,281.60391,-2.9750278,3,407.6007503504627,381.87709604010087,16.024896189572107,154.05453827364198,442.85568915544377,85.24931353560393,uJy
ps1846-0258,281.60391,-2.9750278,3,401.94475035046275,376.2210960401009,29.519545612369672,283.7846757672352,142.41320926316715,30.70442024105485,uJy
ps1846-0258,281.60391,-2.9750278,3,401.94475035046275,379.0490960401009,29.519545612369672,283.7846757672352,201.15645467007778,43.97933170662192,uJy
ps1846-0258,281.60391,-2.9750278,3,401.94475035046275,381.87709604010087,29.519545612369672,283.7846757672352,153.2953573212553,26.714709775540932,uJy
ps1846-0258,281.60391,-2.9750278,3,404.77275035046273,376.2210960401009,29.519545612369672,283.7846757672352,8.164877465821432,41.02877472033994,uJy
ps1846-0258,281.60391,-2.9750278,3,404.77275035046273,379.0490960401009,29.519545612369672,283.7846757672352,87.7688975058511,40.78456483456196,uJy
ps1846-0258,281.60391,-2.9750278,3,404.77275035046273,381.87709604010087,29.519545612369672,283.7846757672352,148.67886470941437,43.17049495065209,uJy
ps1846-0258,281.60391,-2.9750278,3,407.6007503504627,376.2210960401009,29.519545612369672,283.7846757672352,-51.94536286154222,95.1214729781136,uJy
ps1846-0258,281.60391,-2.9750278,3,407.6007503504627,379.0490960401009,29.519545612369672,283.7846757672352,262.9526631707311,76.55219327304646,uJy
ps1846-0258,281.60391,-2.9750278,3,407.6007503504627,381.87709604010087,29.519545612369672,283.7846757672352,521.468739613618,85.3117324856946,uJy
